repo_name,local_build,sat_usage,ci_build_combined,ci_state,ci_usage,cr_reviews,cr_comments,cr_changed_files,cr_changed_lines,testing_coverage
1c-syntax/bsl-language-server,1.0,0,1.0,1.0,1,64.0,36.0,752.0,40997.0,
abhpd/hacktoberfest2021,,0,,,0,14.0,14.0,52.0,7629.0,
actiontech/dble,1.0,1,1.0,1.0,1,17.0,1.0,58.0,1513.0,8.02
activiti/activiti,1.0,1,1.0,1.0,1,31.0,13.0,70.0,2696.0,
adeekshith/watomatic,,0,,,0,16.0,11.0,88.0,2392.0,
adempiere/adempiere,,1,,,0,28.0,22.0,62.0,141243.0,
aditya109/git-osp-for-beginners,,0,,,0,17.0,19.0,31.0,927.0,
adjust/android_sdk,,0,,,0,3.0,10.0,472.0,26664.0,
adobe-consulting-services/acs-aem-commons,1.0,1,1.0,1.0,1,30.0,35.0,52.0,9808.0,48.47
adobe/aem-core-wcm-components,1.0,0,1.0,1.0,1,58.0,50.0,241.0,12497.0,
adoptopenjdk/icedtea-web,0.0,0,1.0,1.0,1,19.0,20.0,45.0,1166.0,
adorsys/keycloak-config-cli,1.0,1,1.0,1.0,1,13.0,32.0,42.0,2451.0,4.71
agricraft/agricraft,0.0,0,1.0,1.0,1,9.0,24.0,748.0,8867.0,
airbnb/epoxy,,0,1.0,1.0,1,48.0,4.0,255.0,13641.0,
airbnb/lottie-android,,0,,,0,29.0,35.0,161.0,10693.0,
airbytehq/airbyte,0.0,0,1.0,0.0,1,33.0,43.0,152.0,210038.0,
airlift/airlift,1.0,0,1.0,1.0,1,43.0,5.0,150.0,4128.0,
airsonic/airsonic,0.0,1,,,0,14.0,8.0,59.0,384.0,
airyhq/airy,,0,1.0,1.0,1,23.0,2.0,81.0,1717.0,
akasolace/ho,0.0,0,1.0,1.0,1,17.0,11.0,149.0,4941.0,
alex-the-666/ice_and_fire,1.0,0,,,0,0.0,11.0,2135.0,137190.0,
alfio-event/alf.io,0.0,0,1.0,1.0,1,26.0,3.0,708.0,38408.0,
alibaba/arthas,0.0,0,1.0,1.0,1,5.0,22.0,101.0,63491.0,
alibaba/canal,0.0,0,,,0,6.0,68.0,90.0,4733.0,
alibaba/datax,0.0,0,,,0,0.0,5.0,133.0,10535.0,
alibaba/druid,0.0,0,,,0,0.0,26.0,52.0,259097.0,
alibaba/easyexcel,1.0,0,1.0,1.0,1,0.0,28.0,81.0,59961.0,36.06
alibaba/fastjson,0.0,0,,,0,0.0,33.0,160.0,24353.0,
alibaba/graphscope,,0,1.0,1.0,1,37.0,3.0,471.0,237481.0,
alibaba/nacos,1.0,1,,,0,24.0,3.0,464.0,19256.0,11.13
alibaba/sentinel,1.0,0,1.0,1.0,1,46.0,41.0,214.0,20700.0,
alibaba/spring-cloud-alibaba,1.0,1,,,0,17.0,21.0,81.0,4263.0,
aliyun/aliyun-openapi-java-sdk,,0,1.0,0.0,1,5.0,17.0,2832.0,689102.0,
allegro/hermes,1.0,1,,,0,65.0,1.0,158.0,10999.0,40.22
allure-framework/allure-java,1.0,1,1.0,1.0,1,21.0,6.0,69.0,4524.0,
allure-framework/allure2,1.0,1,1.0,1.0,1,20.0,0.0,20.0,76.0,
alluxio/alluxio,1.0,1,,,0,65.0,87.0,62.0,6651.0,
alphawallet/alpha-wallet-android,,0,1.0,1.0,1,10.0,3.0,195.0,6953.0,
altbeacon/android-beacon-library,,0,1.0,1.0,1,3.0,14.0,121.0,14992.0,
amzn/ion-java,1.0,0,,,0,182.0,38.0,90.0,17664.0,
andotp/andotp,,0,,,0,28.0,34.0,118.0,4924.0,
android-async-http/android-async-http,,0,,,0,2.0,18.0,47.0,1251.0,
android/android-test,,0,1.0,1.0,1,1.0,0.0,83.0,1034.0,
android/testing-samples,,0,,,0,31.0,13.0,200.0,1867.0,
androidx/androidx,,1,1.0,1.0,1,,,,,
androidx/constraintlayout,,0,,,0,14.0,4.0,170.0,41416.0,
angel-ml/angel,0.0,1,,,0,0.0,0.0,388.0,154561.0,
anitrend/anitrend-app,,0,1.0,1.0,1,32.0,11.0,88.0,627.0,
ankidroid/anki-android,,0,,,0,101.0,72.0,398.0,104149.0,
antennapod/antennapod,,1,,1.0,1,6.0,52.0,52.0,1477.0,
antlr/antlr4,1.0,0,0.0,0.0,1,10.0,49.0,43.0,858.0,
anuken/mindustry,,0,1.0,1.0,1,4.0,14.0,22.0,39769.0,
anysoftkeyboard/anysoftkeyboard,,1,,,0,48.0,29.0,408.0,29679.0,
apache/accumulo,1.0,1,1.0,1.0,1,171.0,51.0,69.0,8637.0,
apache/activemq,1.0,0,0.0,1.0,1,47.0,49.0,82.0,1303.0,
apache/activemq-artemis,1.0,1,1.0,1.0,1,37.0,48.0,80.0,2790.0,
apache/ambari,0.0,1,,,0,32.0,26.0,119.0,9733.0,
apache/avro,1.0,1,,,0,19.0,31.0,61.0,2803.0,
apache/beam,0.0,1,1.0,1.0,1,78.0,166.0,83.0,48315.0,
apache/bookkeeper,0.0,1,1.0,0.0,1,91.0,60.0,265.0,11849.0,
apache/calcite,1.0,1,1.0,1.0,1,58.0,43.0,88.0,2650.0,
apache/camel,0.0,1,1.0,1.0,1,23.0,2.0,41.0,3656.0,
apache/camel-quarkus,1.0,0,,,0,47.0,17.0,1466.0,5734.0,
apache/cassandra,,1,,,0,,,,,
apache/cayenne,,1,1.0,1.0,1,1.0,4.0,278.0,16862.0,
apache/cloudstack,1.0,1,1.0,1.0,1,98.0,321.0,64.0,18799.0,
apache/commons-collections,1.0,1,1.0,1.0,1,34.0,25.0,156.0,2798.0,82.61
apache/commons-compress,1.0,0,1.0,1.0,1,16.0,32.0,178.0,1896.0,74.47
apache/commons-io,1.0,1,1.0,1.0,1,0.0,28.0,56.0,723.0,84.8
apache/commons-lang,1.0,1,1.0,1.0,1,9.0,27.0,27.0,145.0,91.8
apache/commons-text,1.0,1,1.0,1.0,1,39.0,22.0,47.0,3425.0,95.62
apache/commons-vfs,1.0,1,1.0,1.0,1,8.0,2.0,130.0,1834.0,
apache/cordova-plugin-splashscreen,,0,,,0,35.0,20.0,55.0,5211.0,
apache/curator,1.0,0,1.0,1.0,1,48.0,68.0,196.0,9694.0,29.03
apache/cxf,1.0,1,,,0,35.0,17.0,53.0,2940.0,7.14
apache/datasketches-java,1.0,1,0.0,0.0,1,31.0,33.0,128.0,24571.0,
apache/dolphinscheduler,1.0,1,1.0,0.0,1,38.0,30.0,254.0,17173.0,
apache/drill,1.0,1,1.0,1.0,1,80.0,30.0,88.0,6322.0,
apache/druid,1.0,1,0.0,0.0,1,97.0,65.0,168.0,20769.0,65.19
apache/dubbo,1.0,1,1.0,1.0,1,18.0,23.0,52.0,6403.0,
apache/dubbo-admin,1.0,1,1.0,1.0,1,31.0,17.0,110.0,4649.0,13.59
apache/dubbo-samples,1.0,1,1.0,0.0,1,13.0,5.0,127.0,4304.0,4.39
apache/fineract,1.0,1,1.0,0.0,1,24.0,15.0,59.0,2006.0,
apache/flink,1.0,1,,,0,73.0,72.0,97.0,2956.0,
apache/flink-statefun,1.0,0,1.0,1.0,1,,,,,
apache/flume,0.0,1,1.0,1.0,1,44.0,49.0,150.0,6436.0,
apache/geode,0.0,0,,,0,146.0,14.0,162.0,8829.0,
apache/gobblin,0.0,1,1.0,1.0,1,110.0,39.0,114.0,3675.0,
apache/gora,,0,1.0,0.0,1,37.0,45.0,147.0,8349.0,
apache/groovy,1.0,1,1.0,1.0,1,17.0,27.0,149.0,5734.0,
apache/guacamole-client,1.0,0,,,0,57.0,17.0,823.0,25462.0,25.16
apache/hadoop,1.0,1,,,0,149.0,174.0,78.0,3697.0,
apache/hbase,1.0,1,,,0,44.0,200.0,114.0,5779.0,
apache/helix,1.0,0,1.0,1.0,1,83.0,25.0,141.0,6992.0,58.22
apache/hive,0.0,1,1.0,1.0,1,67.0,16.0,99.0,141950.0,
apache/httpcomponents-client,1.0,0,1.0,1.0,1,89.0,35.0,132.0,2952.0,47.13
apache/httpcomponents-core,1.0,0,1.0,1.0,1,82.0,51.0,94.0,1776.0,51.42
apache/hudi,0.0,1,1.0,1.0,1,55.0,73.0,650.0,651108.0,
apache/iceberg,1.0,1,1.0,1.0,1,304.0,69.0,92.0,449888.0,77.91
apache/ignite,,1,1.0,1.0,1,161.0,4.0,242.0,166985.0,
apache/incubator-doris,,1,1.0,1.0,1,60.0,59.0,533.0,32317.0,
apache/incubator-eventmesh,0.0,1,1.0,1.0,1,54.0,81.0,222.0,58622.0,
apache/incubator-heron,,1,1.0,1.0,1,33.0,12.0,143.0,23903.0,
apache/incubator-hop,0.0,0,1.0,1.0,1,0.0,3.0,171.0,19930.0,
apache/incubator-inlong,1.0,1,1.0,1.0,1,23.0,16.0,141.0,5793.0,1.82
apache/incubator-linkis,0.0,0,,,0,31.0,9.0,1046.0,78761.0,
apache/incubator-sedona,0.0,0,1.0,1.0,1,56.0,69.0,298.0,58538.0,
apache/incubator-shenyu,1.0,1,1.0,1.0,1,52.0,23.0,93.0,3671.0,23.51
apache/incubator-tuweni,0.0,0,,,0,0.0,2.0,126.0,2877.0,
apache/iotdb,1.0,1,1.0,0.0,1,42.0,26.0,160.0,33225.0,
apache/isis,,0,1.0,1.0,1,0.0,4.0,332.0,13685.0,
apache/jackrabbit-oak,1.0,0,0.0,0.0,1,17.0,2.0,82.0,17919.0,
apache/james-project,0.0,1,1.0,1.0,1,79.0,42.0,259.0,41596.0,
apache/jena,1.0,0,,,0,20.0,13.0,2874.0,177866.0,46.15
apache/jmeter,1.0,1,,,0,17.0,22.0,455.0,12973.0,
apache/kafka,1.0,1,0.0,0.0,1,108.0,34.0,124.0,6318.0,
apache/karaf,1.0,0,0.0,0.0,1,20.0,6.0,25.0,334.0,
apache/knox,1.0,1,1.0,1.0,1,40.0,21.0,101.0,13661.0,
apache/kylin,1.0,1,1.0,1.0,1,30.0,38.0,110.0,5613.0,
apache/logging-log4j2,1.0,1,0.0,0.0,1,31.0,45.0,118.0,5903.0,46.77
apache/lucene,1.0,0,,,0,73.0,42.0,521.0,52158.0,
apache/maven,1.0,1,1.0,1.0,1,100.0,83.0,112.0,5939.0,
apache/maven-surefire,1.0,0,1.0,1.0,1,74.0,109.0,111.0,2909.0,
apache/mina-sshd,1.0,1,,,0,96.0,67.0,219.0,6549.0,39.27
apache/netbeans,,0,1.0,1.0,1,44.0,60.0,101.0,96042.0,
apache/nifi,0.0,1,,,0,44.0,38.0,254.0,4085.0,
apache/nutch,,0,1.0,1.0,1,24.0,30.0,424.0,24710.0,
apache/ofbiz-framework,1.0,1,1.0,1.0,1,15.0,42.0,101.0,48209.0,
apache/opennlp,1.0,1,0.0,0.0,1,42.0,30.0,158.0,1297.0,
apache/ozone,1.0,1,1.0,1.0,1,60.0,49.0,197.0,277703.0,
apache/parquet-mr,0.0,0,1.0,1.0,1,47.0,92.0,74.0,2678.0,
apache/phoenix,1.0,1,,,0,43.0,58.0,167.0,6333.0,
apache/pinot,1.0,1,1.0,1.0,1,95.0,39.0,113.0,751430.0,34.57
apache/plc4x,0.0,0,,,0,44.0,32.0,493.0,799515.0,
apache/poi,0.0,0,1.0,1.0,1,,,,,
apache/pulsar,1.0,1,,,0,144.0,69.0,165.0,100957.0,34.21
apache/pulsar-manager,1.0,0,1.0,1.0,1,49.0,10.0,72.0,1143.0,
apache/ratis,1.0,1,,,0,65.0,37.0,46.0,1006.0,
apache/rocketmq,1.0,1,1.0,1.0,1,60.0,40.0,103.0,13084.0,
apache/rocketmq-externals,,1,1.0,1.0,1,43.0,23.0,166.0,12076.0,
apache/samza,0.0,1,1.0,1.0,1,94.0,24.0,286.0,34713.0,
apache/servicecomb-java-chassis,0.0,1,1.0,1.0,1,19.0,17.0,280.0,7740.0,
apache/shardingsphere,1.0,1,1.0,1.0,1,49.0,21.0,189.0,6140.0,84.38
apache/shardingsphere-elasticjob,1.0,1,1.0,1.0,1,20.0,21.0,105.0,1476.0,77.42
apache/shiro,1.0,0,0.0,0.0,1,51.0,17.0,109.0,2598.0,
apache/skywalking,0.0,1,1.0,1.0,1,68.0,67.0,383.0,4142.0,
apache/solr,0.0,0,,,0,91.0,31.0,210.0,499671.0,
apache/storm,0.0,1,0.0,0.0,1,112.0,8.0,260.0,4337.0,
apache/struts,0.0,0,1.0,1.0,1,40.0,67.0,276.0,30700.0,
apache/submarine,0.0,1,,,0,27.0,29.0,75.0,3598.0,
apache/syncope,1.0,1,,,0,24.0,21.0,1721.0,175360.0,11.48
apache/systemds,1.0,0,1.0,1.0,1,2.0,14.0,203.0,10062.0,
apache/tika,0.0,1,1.0,1.0,1,13.0,16.0,480.0,2066346.0,
apache/tinkerpop,1.0,0,,,0,6.0,17.0,269.0,13041.0,
apache/tomcat,,1,0.0,0.0,1,45.0,21.0,114.0,2776.0,
apache/tomee,0.0,1,1.0,1.0,1,33.0,27.0,308.0,136553.0,
apache/unomi,1.0,0,0.0,0.0,1,41.0,3.0,65.0,2049.0,3.15
apache/wicket,0.0,0,1.0,1.0,1,121.0,88.0,420.0,25253.0,
apache/zeppelin,0.0,1,1.0,0.0,1,53.0,70.0,212.0,31047.0,
apache/zookeeper,1.0,1,0.0,0.0,1,,,,,0.44
apereo/cas,0.0,1,,,0,13.0,60.0,69.0,27564.0,
apereo/java-cas-client,0.0,0,1.0,1.0,1,0.0,1.0,21.0,96.0,
apicurio/apicurio-registry,1.0,1,1.0,1.0,1,68.0,32.0,225.0,24276.0,75.0
apiman/apiman,1.0,0,1.0,1.0,1,33.0,13.0,70.0,4047.0,
apolloconfig/apollo,1.0,0,1.0,1.0,1,83.0,54.0,132.0,30960.0,47.67
apollographql/apollo-android,,1,1.0,1.0,1,20.0,9.0,642.0,82640.0,
appium/appium-uiautomator2-server,,0,1.0,1.0,1,28.0,9.0,107.0,3057.0,
appium/java-client,1.0,0,,,0,26.0,4.0,26.0,236.0,
appiumtestdistribution/appiumtestdistribution,1.0,1,1.0,1.0,1,12.0,17.0,189.0,15063.0,7.98
apple/servicetalk,1.0,1,,,0,180.0,22.0,239.0,30380.0,
appliedenergistics/applied-energistics-2,0.0,0,1.0,1.0,1,32.0,41.0,1792.0,114254.0,
aptoide/aptoide-client-v8,,0,,,0,21.0,4.0,627.0,64865.0,
arduino/arduino,,0,1.0,1.0,1,23.0,41.0,188.0,17206.0,
arquillian/arquillian-core,1.0,0,1.0,1.0,1,46.0,23.0,40.0,2228.0,
artipie/artipie,0.0,0,1.0,0.0,1,32.0,54.0,75.0,9888.0,
asciidoctor/asciidoctor-intellij-plugin,1.0,1,,,0,0.0,14.0,21.0,227.0,
asciidoctor/asciidoctor-maven-plugin,1.0,0,1.0,1.0,1,8.0,31.0,95.0,1145.0,79.15
asciidoctor/asciidoctorj,1.0,0,1.0,1.0,1,3.0,15.0,73.0,949.0,10.47
assertj/assertj-core,1.0,0,,,0,9.0,6.0,88.0,6965.0,89.95
asterisk-java/asterisk-java,0.0,1,,,0,4.0,17.0,86.0,47003.0,
asynchttpclient/async-http-client,0.0,0,0.0,0.0,1,9.0,54.0,83.0,2464.0,
athenz/athenz,0.0,1,,1.0,1,72.0,4.0,212.0,9222.0,
athou/commafeed,0.0,0,,,0,0.0,21.0,79.0,6929.0,
atmosphere/atmosphere,1.0,1,0.0,0.0,1,9.0,15.0,27.0,325.0,
atomix/atomix,0.0,1,,,0,60.0,65.0,76.0,1733.0,
auth0/auth0-java,1.0,0,1.0,1.0,1,34.0,2.0,120.0,4907.0,98.06
auth0/java-jwt,1.0,0,1.0,0.0,1,30.0,32.0,51.0,1208.0,
auth0/lock.android,,0,1.0,1.0,1,49.0,3.0,91.0,2599.0,
authme/authmereloaded,1.0,1,0.0,0.0,1,1.0,4.0,20.0,395.0,60.57
authorjapps/zerocode,1.0,0,,,0,40.0,35.0,96.0,3901.0,64.81
automattic/simplenote-android,,0,1.0,1.0,1,222.0,50.0,101.0,8457.0,
aws-amplify/amplify-android,,1,,,0,111.0,11.0,126.0,29740.0,
aws-amplify/aws-sdk-android,,0,1.0,0.0,1,44.0,15.0,1376.0,442432.0,
aws/aws-encryption-sdk-java,1.0,0,,,0,34.0,11.0,490.0,198870.0,82.71
aws/aws-sdk-java,0.0,0,,,0,19.0,35.0,252.0,893.0,
aws/aws-sdk-java-v2,0.0,1,,,0,102.0,36.0,771.0,171222.0,
awsdocs/aws-doc-sdk-examples,,0,1.0,1.0,1,4.0,0.0,262.0,3532852.0,
awsdocs/aws-lambda-developer-guide,,0,,,0,1.0,22.0,32.0,500.0,
awslabs/amazon-kinesis-client,0.0,0,1.0,1.0,1,43.0,8.0,48.0,548.0,
awslabs/aws-athena-query-federation,1.0,1,1.0,1.0,1,46.0,7.0,230.0,51507.0,55.75
awslabs/aws-lambda-powertools-java,,1,,,0,32.0,3.0,24.0,111.0,
awslabs/smithy,1.0,1,1.0,1.0,1,58.0,1.0,102.0,2910.0,84.63
axelor/axelor-open-suite,,0,,,0,0.0,0.0,162.0,62168.0,
axonframework/axonframework,1.0,0,0.0,0.0,1,21.0,27.0,26.0,150.0,66.04
azagniotov/stubby4j,1.0,0,,1.0,1,0.0,8.0,99.0,2365.0,
azkaban/azkaban,0.0,0,0.0,0.0,1,182.0,46.0,73.0,2602.0,
azure/azure-iot-sdk-java,,1,,,0,187.0,46.0,255.0,27034.0,
azure/azure-sdk-for-java,0.0,1,0.0,0.0,1,81.0,29.0,455.0,822199.0,
azuread/azure-activedirectory-library-for-android,,1,1.0,1.0,1,83.0,7.0,160.0,6065.0,
azuread/microsoft-authentication-library-for-android,,1,0.0,0.0,1,92.0,8.0,155.0,8488.0,
azuread/microsoft-authentication-library-for-java,1.0,0,1.0,1.0,1,60.0,7.0,437.0,17546.0,
b2ihealthcare/snow-owl,0.0,0,1.0,1.0,1,51.0,21.0,573.0,203433.0,
ballerina-platform/ballerina-lang,1.0,1,1.0,1.0,1,109.0,24.0,526.0,309156.0,
baomidou/mybatis-plus,1.0,0,,,0,0.0,1.0,51.0,38085.0,33.04
bardsoftware/ganttproject,0.0,0,1.0,0.0,1,0.0,1.0,53.0,517.0,
bareinhard/hacktoberfest-data-structure-and-algorithms,,0,,,0,1.0,10.0,32.0,1054.0,
bareinhard/hacktoberfest-mathematics,,0,,,0,0.0,0.0,26.0,744.0,
baremaps/baremaps,0.0,0,1.0,0.0,1,26.0,42.0,319.0,18665.0,
basexdb/basex,1.0,1,,,0,7.0,11.0,307.0,10331.0,
batfish/batfish,,1,1.0,0.0,1,60.0,44.0,180.0,11871.0,
bazelbuild/bazel,,0,0.0,0.0,1,14.0,48.0,338.0,19641.0,
bazelbuild/bazel-buildfarm,,0,1.0,1.0,1,35.0,5.0,193.0,66217.0,
bazelbuild/intellij,,0,1.0,1.0,1,1.0,0.0,33.0,495.0,
bcgit/bc-java,0.0,1,,,0,,,,,
beemdevelopment/aegis,,0,1.0,1.0,1,17.0,20.0,190.0,5813.0,
belaban/jgroups,1.0,0,,,0,2.0,7.0,22.0,114.0,
bentoboxworld/bentobox,0.0,0,1.0,0.0,1,7.0,16.0,142.0,3922.0,
betonquest/betonquest,1.0,1,0.0,1.0,1,29.0,4.0,114.0,4254.0,2.17
biglysoftware/biglybt,0.0,0,,,0,0.0,4.0,283.0,1368.0,
bioinformatics-ua/dicoogle,1.0,0,1.0,1.0,1,22.0,5.0,53.0,10282.0,
biojava/biojava,1.0,1,,,0,161.0,56.0,118.0,474234.0,
biscuitdevelopment/skyblockaddons,0.0,0,1.0,1.0,1,2.0,5.0,576.0,31533.0,
bisq-network/bisq,0.0,0,1.0,1.0,1,29.0,24.0,184.0,5218.0,
bitcoinj/bitcoinj,0.0,0,,,0,10.0,34.0,138.0,5037.0,
blackuy/react-native-twilio-video-webrtc,,0,1.0,1.0,1,17.0,14.0,57.0,3998.0,
blazebit/blaze-persistence,1.0,1,,,0,11.0,6.0,305.0,11754.0,
blusunrize/immersiveengineering,0.0,0,,1.0,1,33.0,26.0,1270.0,95876.0,
bndtools/bnd,1.0,1,1.0,1.0,1,6.0,5.0,488.0,11478.0,
bonigarcia/webdrivermanager,1.0,0,1.0,1.0,1,0.0,3.0,21.0,1086.0,54.08
bonitasoft/bonita-engine,1.0,0,0.0,0.0,1,0.0,12.0,288.0,7139.0,22.23
box/box-java-sdk,0.0,1,1.0,1.0,1,64.0,27.0,119.0,20054.0,
box/mojito,1.0,0,1.0,1.0,1,14.0,2.0,335.0,14927.0,
brettwooldridge/hikaricp,1.0,0,1.0,1.0,1,12.0,83.0,41.0,1762.0,
brianfrankcooper/ycsb,0.0,1,1.0,1.0,1,93.0,56.0,146.0,14060.0,
broadinstitute/gatk,0.0,0,1.0,1.0,1,35.0,10.0,44.0,3626.0,
broadinstitute/picard,1.0,0,1.0,1.0,1,67.0,27.0,77.0,28990.0,
broadleafcommerce/broadleafcommerce,0.0,0,,1.0,1,13.0,1.0,59.0,1798.0,
buchen/portfolio,,1,0.0,1.0,1,0.0,21.0,165.0,13876.0,
buildcraft/buildcraft,0.0,1,,,0,53.0,63.0,48.0,1508.0,
bumptech/glide,,1,1.0,1.0,1,4.0,19.0,176.0,3789.0,
bytedeco/javacpp-presets,0.0,0,,,0,63.0,89.0,1391.0,611327.0,
cabaletta/baritone,0.0,0,1.0,1.0,1,61.0,59.0,235.0,6179.0,
camel-tooling/camel-idea-plugin,0.0,1,,,0,3.0,4.0,21.0,68.0,
camunda-cloud/zeebe,1.0,1,1.0,0.0,1,36.0,62.0,123.0,4272.0,48.64
camunda-consulting/code,,0,,,0,3.0,11.0,147.0,208076.0,
camunda/camunda-bpm-platform,0.0,0,0.0,0.0,1,61.0,7.0,182.0,5796.0,
castorini/anserini,1.0,0,1.0,1.0,1,50.0,26.0,45.0,40385.0,52.58
catfriend1/syncthing-android,,0,,,0,8.0,7.0,82.0,816.0,
catrobat/catroid,,1,,0.0,1,33.0,13.0,303.0,30531.0,
cbeust/testng,1.0,0,1.0,0.0,1,60.0,74.0,1733.0,75791.0,
cbeust/testng-eclipse,,0,0.0,0.0,1,6.0,10.0,92.0,1110.0,
cbioportal/cbioportal,0.0,0,1.0,0.0,1,39.0,30.0,236.0,23159.0,
cc-tweaked/cc-tweaked,0.0,1,1.0,1.0,1,25.0,61.0,67.0,8394.0,
ccrama/slide,,0,,,0,5.0,17.0,715.0,31872.0,
cdapio/cdap,0.0,1,,,0,36.0,47.0,42.0,878.0,
cdk/cdk,1.0,1,,,0,6.0,27.0,94.0,9602.0,59.83
cellularprivacy/android-imsi-catcher-detector,,1,,,0,5.0,79.0,651.0,52108.0,
cgeo/cgeo,,1,1.0,1.0,1,40.0,52.0,135.0,2299.0,
checkstyle/checkstyle,1.0,1,0.0,0.0,1,8.0,22.0,234.0,9438.0,
chocoteam/choco-solver,1.0,1,,,0,35.0,22.0,574.0,1725371.0,
chunky-dev/chunky,0.0,0,1.0,1.0,1,14.0,10.0,34.0,672.0,
cinchapi/concourse,0.0,0,1.0,1.0,1,1.0,1.0,363.0,189982.0,
classgraph/classgraph,1.0,0,1.0,1.0,1,0.0,11.0,21.0,72.0,52.5
clickhouse/clickhouse-jdbc,1.0,0,0.0,0.0,1,2.0,53.0,108.0,11288.0,0.13
cloudbees-oss/zendesk-java-client,1.0,0,0.0,0.0,1,21.0,24.0,20.0,141.0,8.76
cloudburstmc/nukkit,1.0,0,,1.0,1,31.0,10.0,88.0,18631.0,0.48
cloudevents/sdk-java,1.0,0,1.0,1.0,1,6.0,11.0,246.0,1631.0,42.86
cloudfoundry/cf-java-client,0.0,0,,,0,3.0,62.0,224.0,4506.0,
cloudfoundry/uaa,1.0,0,,,0,4.0,27.0,58.0,67274.0,
cloudnetservice/cloudnet-v3,1.0,1,0.0,0.0,1,30.0,31.0,2692.0,1341748.0,
cloudslang/cloud-slang,0.0,1,,,0,25.0,2.0,108.0,11967.0,
cloudyrock/mongock,1.0,0,,,0,14.0,0.0,133.0,3688.0,
clulab/processors,,0,1.0,1.0,1,12.0,69.0,97.0,25568.0,
cmu-phil/tetrad,1.0,0,,,0,14.0,51.0,613.0,78241.0,61.11
codecentric/spring-boot-admin,1.0,1,1.0,1.0,1,2.0,17.0,101.0,386707.0,41.41
codelibs/fess,0.0,0,1.0,1.0,1,0.0,3.0,210.0,6028.0,
codenameone/codenameone,,0,0.0,0.0,1,0.0,0.0,40.0,246.0,
codice/ddf,1.0,0,0.0,0.0,1,63.0,108.0,66.0,2743.0,45.2
codinguser/gnucash-android,,0,,,0,15.0,45.0,86.0,23685.0,
commons-app/apps-android-commons,,0,1.0,1.0,1,15.0,37.0,174.0,31507.0,
confluentinc/kafka-connect-elasticsearch,0.0,1,0.0,0.0,1,49.0,9.0,76.0,3244.0,
confluentinc/kafka-connect-hdfs,0.0,1,1.0,1.0,1,135.0,20.0,93.0,4262.0,
confluentinc/kafka-connect-jdbc,0.0,1,1.0,1.0,1,40.0,33.0,48.0,2577.0,
confluentinc/kafka-connect-storage-cloud,0.0,1,,0.0,1,37.0,16.0,40.0,1195.0,
confluentinc/kafka-rest,0.0,1,1.0,1.0,1,40.0,21.0,51.0,1597.0,
confluentinc/kafka-streams-examples,1.0,1,0.0,0.0,1,53.0,36.0,107.0,1903.0,40.82
confluentinc/kafka-tutorials,1.0,0,0.0,0.0,1,54.0,23.0,506.0,10911.0,
confluentinc/ksql,1.0,1,1.0,1.0,1,60.0,15.0,254.0,21510.0,
confluentinc/schema-registry,0.0,1,1.0,1.0,1,27.0,14.0,87.0,4731.0,
connectbot/connectbot,,1,1.0,1.0,1,15.0,14.0,30.0,347.0,
consensys/teku,1.0,0,1.0,1.0,1,27.0,1.0,197.0,10567.0,55.96
consensys/tessera,1.0,1,1.0,0.0,1,28.0,2.0,1268.0,300229.0,95.44
constellation-app/constellation,,0,,,0,71.0,58.0,200.0,70531.0,
containx/openstack4j,1.0,0,,,0,15.0,46.0,101.0,42478.0,1.49
conveyal/r5,0.0,0,1.0,0.0,1,83.0,28.0,589.0,93686.0,
corfudb/corfudb,0.0,1,1.0,1.0,1,134.0,3.0,83.0,12510.0,
corona-warn-app/cwa-server,1.0,1,,1.0,1,83.0,25.0,168.0,151084.0,62.5
cqframework/clinical_quality_language,,0,1.0,1.0,1,92.0,12.0,285.0,186807.0,
crafttweaker/crafttweaker,0.0,0,,1.0,1,5.0,15.0,123.0,29232.0,
crate/crate,1.0,1,,,0,82.0,50.0,125.0,8105.0,
creators-of-create/create,0.0,0,,,0,4.0,28.0,40.0,83212.0,
crnk-project/crnk-framework,1.0,0,,,0,6.0,20.0,102.0,5267.0,
crossbario/autobahn-java,,0,,,0,0.0,20.0,88.0,4088.0,
crowdin/crowdin-cli,1.0,1,1.0,1.0,1,13.0,34.0,127.0,2209.0,
ctripcorp/apollo,1.0,0,1.0,0.0,1,83.0,54.0,132.0,30960.0,61.16
ctripcorp/x-pipe,0.0,0,1.0,1.0,1,19.0,13.0,401.0,234031.0,
cucumber/cucumber-jvm,0.0,1,1.0,1.0,1,10.0,36.0,304.0,11386.0,
cutr-at-usf/opentripplanner-for-android,,0,,,0,0.0,58.0,38.0,1490.0,
cyc2018/cs-notes,,0,,,0,5.0,12.0,25.0,50776.0,
cyclestreets/android,,0,0.0,0.0,1,64.0,55.0,231.0,5607.0,
cymchad/baserecyclerviewadapterhelper,,0,0.0,0.0,1,5.0,5.0,324.0,56072.0,
dadoonet/fscrawler,0.0,0,1.0,1.0,1,23.0,5.0,133.0,7947.0,
dadoonet/spring-elasticsearch,0.0,0,1.0,1.0,1,14.0,3.0,129.0,2582.0,
damianszczepanik/cucumber-reporting,1.0,0,1.0,1.0,1,18.0,29.0,50.0,1624.0,92.24
dapr/java-sdk,1.0,1,1.0,1.0,1,56.0,48.0,1664.0,1887931.0,
dashevo/dash-wallet,,0,1.0,1.0,1,28.0,3.0,298.0,12227.0,
datadog/dd-trace-java,,1,0.0,0.0,1,290.0,17.0,263.0,28374.0,
datastax/java-driver,0.0,0,1.0,1.0,1,43.0,12.0,198.0,11073.0,
davidb/scala-maven-plugin,1.0,0,1.0,1.0,1,7.0,1.0,22.0,109.0,10.05
dbeaver/dbeaver,1.0,0,1.0,1.0,1,22.0,3.0,90.0,2396.0,
dbfit/dbfit,1.0,1,1.0,1.0,1,39.0,47.0,90.0,2768.0,
dbs-leipzig/gradoop,1.0,1,,,0,109.0,21.0,4163.0,91799.0,77.91
dcache/dcache,1.0,1,1.0,1.0,1,0.0,1.0,80.0,3199.0,20.73
dcm4che/dcm4che,1.0,0,1.0,1.0,1,24.0,9.0,31.0,605.0,23.2
dddjava/jig,1.0,0,1.0,1.0,1,0.0,0.0,20.0,40.0,
debezium/debezium,1.0,1,1.0,1.0,1,87.0,72.0,344.0,15978.0,
decorators-squad/eo-yaml,1.0,1,,,0,15.0,117.0,95.0,4634.0,88.13
deegree/deegree3,0.0,1,0.0,0.0,1,3.0,11.0,481.0,574522.0,
deepjavalibrary/djl,,1,,,0,20.0,18.0,155.0,2811.0,
dekorateio/dekorate,,0,1.0,1.0,1,9.0,30.0,300.0,3606.0,
deltachat/deltachat-android,,0,,,0,70.0,14.0,129.0,3738.0,
denizenscript/denizen,0.0,0,1.0,1.0,1,61.0,7.0,78.0,5030.0,
dependencytrack/dependency-track,1.0,0,1.0,1.0,1,0.0,4.0,51.0,1026.0,32.03
dhis2/dhis2-core,,1,,,0,31.0,19.0,220.0,100162.0,
dianping/cat,0.0,0,,,0,1.0,0.0,44.0,940.0,
didi/doraemonkit,,0,,,0,1.0,2.0,309.0,127990.0,
diennea/herddb,1.0,1,,,0,41.0,24.0,190.0,9814.0,
diffplug/spotless,1.0,0,,0.0,1,43.0,41.0,242.0,5340.0,
digital-preservation/droid,1.0,1,0.0,0.0,1,3.0,6.0,625.0,1352.0,
digitalpebble/storm-crawler,1.0,0,1.0,1.0,1,21.0,38.0,83.0,9849.0,44.55
discord4j/discord4j,0.0,0,1.0,1.0,1,22.0,20.0,96.0,44258.0,
discordsrv/discordsrv,1.0,0,,,0,53.0,16.0,149.0,8988.0,0.85
dita-ot/dita-ot,1.0,0,1.0,1.0,1,34.0,13.0,99.0,1697.0,
dius/java-faker,1.0,0,1.0,1.0,1,4.0,3.0,76.0,10613.0,92.4
dkanada/frost,,0,,,0,22.0,31.0,143.0,20345.0,
dlsc-software-consulting-gmbh/preferencesfx,0.0,0,0.0,0.0,1,0.0,3.0,23.0,135.0,
docker-java/docker-java,1.0,1,1.0,1.0,1,12.0,10.0,206.0,6340.0,0.0
domaframework/doma,1.0,0,1.0,1.0,1,0.0,2.0,34.0,359.0,
donnnno/arcticons,,0,,,0,0.0,37.0,93.0,14461.0,
dooboolab/react-native-iap,,0,1.0,1.0,1,24.0,12.0,61.0,4839.0,
doocs/leetcode,,0,1.0,1.0,1,10.0,4.0,76.0,24128.0,
dotcms/core,,0,,,0,75.0,7.0,120.0,101365.0,
doublesymmetry/react-native-track-player,,0,1.0,1.0,1,5.0,24.0,153.0,15596.0,
dp-3t/dp3t-sdk-backend,,0,1.0,1.0,1,42.0,22.0,244.0,26897.0,
drallgood/jpasskit,1.0,1,1.0,1.0,1,29.0,7.0,38.0,172.0,63.86
drklo/telegram,,0,,,0,,,,,
dromara/hutool,0.0,0,,,0,2.0,29.0,140.0,4305.0,
dropwizard/dropwizard,1.0,0,1.0,0.0,1,45.0,24.0,152.0,9195.0,72.03
dropwizard/metrics,1.0,1,1.0,1.0,1,20.0,19.0,22.0,44.0,86.89
dsheirer/sdrtrunk,0.0,0,,,0,2.0,5.0,78.0,2525.0,
dspace/dspace,1.0,1,,,0,50.0,67.0,60.0,334311.0,
dubesar/ultimate-java-resources,,0,,,0,4.0,16.0,568.0,33135.0,
dv8fromtheworld/jda,1.0,0,1.0,1.0,1,98.0,31.0,48.0,12130.0,
ebean-orm/ebean,1.0,0,1.0,1.0,1,17.0,18.0,224.0,21605.0,
eclipse-ee4j/cdi,0.0,0,,,0,142.0,131.0,195.0,9147.0,
eclipse-ee4j/eclipselink,1.0,1,,1.0,1,19.0,8.0,206.0,6371.0,
eclipse-ee4j/glassfish,1.0,1,,1.0,1,39.0,18.0,152.0,117537.0,0.0
eclipse-ee4j/jaxb-ri,,0,,,0,14.0,1.0,4092.0,18327.0,
eclipse-ee4j/jaxrs-api,1.0,1,1.0,1.0,1,136.0,76.0,109.0,34130.0,
eclipse-ee4j/jersey,1.0,1,,1.0,1,48.0,10.0,276.0,22274.0,61.9
eclipse-ee4j/yasson,0.0,1,,,0,42.0,45.0,77.0,2406.0,
eclipse-iofog/agent,1.0,0,1.0,1.0,1,36.0,1.0,101.0,2883.0,
eclipse-openj9/openj9,,0,,,0,50.0,102.0,83.0,1582.0,
eclipse-vertx/vert.x,1.0,0,,,0,24.0,50.0,87.0,2225.0,
eclipse-vertx/vertx-sql-client,1.0,0,,,0,32.0,29.0,208.0,12317.0,
eclipse/birt,0.0,0,1.0,1.0,1,7.0,43.0,12569.0,2343083.0,
eclipse/buildship,0.0,1,,,0,20.0,23.0,262.0,3229.0,
eclipse/californium,,0,,,0,0.0,10.0,371.0,18314.0,
eclipse/deeplearning4j,0.0,0,,,0,49.0,20.0,137.0,9044.0,
eclipse/deeplearning4j-examples,,0,,,0,21.0,8.0,798.0,51441.0,
eclipse/ditto,1.0,0,1.0,1.0,1,26.0,1.0,278.0,42546.0,
eclipse/eclipse-collections,1.0,1,1.0,1.0,1,37.0,22.0,2826.0,8351.0,
eclipse/eclipse.jdt.ls,,0,,,0,53.0,37.0,74.0,1465.0,
eclipse/elk,,1,,,0,48.0,22.0,114.0,14521.0,
eclipse/golo-lang,0.0,0,,,0,49.0,30.0,265.0,18781.0,
eclipse/hawkbit,1.0,0,1.0,1.0,1,97.0,15.0,239.0,26980.0,16.15
eclipse/hono,1.0,1,,,0,49.0,23.0,253.0,7332.0,
eclipse/jetty.project,1.0,1,,1.0,1,98.0,15.0,115.0,6384.0,
eclipse/jkube,,0,1.0,0.0,1,49.0,81.0,501.0,30895.0,
eclipse/kapua,0.0,1,1.0,1.0,1,23.0,21.0,846.0,28793.0,
eclipse/kura,,1,,0.0,1,19.0,5.0,51.0,1901.0,
eclipse/lemminx,1.0,0,1.0,0.0,1,90.0,41.0,75.0,1589.0,75.16
eclipse/leshan,1.0,0,,,0,4.0,4.0,271.0,11818.0,38.18
eclipse/lsp4j,1.0,0,,1.0,1,50.0,68.0,66.0,2839.0,13.06
eclipse/microprofile-config,1.0,0,1.0,1.0,1,43.0,26.0,114.0,1994.0,
eclipse/milo,1.0,1,,,0,2.0,10.0,80.0,4237.0,
eclipse/paho.mqtt.java,1.0,0,1.0,1.0,1,0.0,8.0,470.0,34128.0,
eclipse/rdf4j,1.0,0,1.0,1.0,1,23.0,8.0,193.0,5806.0,
eclipse/repairnator,0.0,1,,1.0,1,10.0,96.0,156.0,20696.0,
eclipse/steady,,0,,1.0,1,15.0,2.0,513.0,5818.0,
eclipse/vorto,0.0,0,,,0,1.0,0.0,987.0,103503.0,
eclipse/wildwebdeveloper,0.0,0,,1.0,1,4.0,39.0,84.0,807.0,
edumips64/edumips64,1.0,0,1.0,1.0,1,0.0,36.0,38.0,20847.0,49.18
edx/edx-app-android,,0,,,0,90.0,9.0,351.0,13387.0,
ehcache/ehcache3,0.0,1,0.0,0.0,1,40.0,4.0,28.0,79619.0,
eirslett/frontend-maven-plugin,1.0,0,1.0,1.0,1,6.0,38.0,48.0,1004.0,16.33
elastic/apm-agent-java,1.0,0,0.0,0.0,1,34.0,65.0,311.0,181935.0,51.14
elastic/elasticsearch,0.0,1,,,0,37.0,42.0,103.0,252289.0,
elastic/elasticsearch-hadoop,1.0,0,,,0,1.0,1.0,77.0,614.0,
elastic/support-diagnostics,1.0,0,,,0,60.0,19.0,260.0,8963.0,11.03
embulk/embulk,1.0,1,,,0,22.0,22.0,302.0,4432.0,8.75
enginehub/commandhelper,,1,1.0,1.0,1,23.0,23.0,82.0,8746.0,
enginehub/worldedit,0.0,1,0.0,0.0,1,34.0,14.0,125.0,3638.0,
enginehub/worldguard,1.0,1,1.0,1.0,1,15.0,16.0,82.0,2823.0,
enonic/xp,1.0,1,1.0,0.0,1,22.0,20.0,479.0,33759.0,
envoyproxy/envoy-mobile,,0,1.0,1.0,1,31.0,14.0,40.0,4948.0,
epam/ngb,0.0,1,1.0,1.0,1,12.0,0.0,129.0,10602.0,
errai/errai,0.0,0,,,0,15.0,35.0,187.0,2633.0,
esri/arcgis-runtime-samples-android,,0,,,0,39.0,12.0,428.0,40326.0,
essentialsx/essentials,1.0,1,1.0,1.0,1,35.0,2.0,48.0,17257.0,
etar-group/etar-calendar,,0,,,0,35.0,14.0,75.0,1454.0,
etcd-io/jetcd,0.0,0,1.0,1.0,1,10.0,18.0,37.0,501.0,
eugenp/tutorials,,1,,,0,4.0,0.0,266.0,38850.0,
exadel-inc/compreface,,0,1.0,1.0,1,40.0,25.0,1532.0,190948.0,
exch-bms2/beatoraja,,0,,,0,0.0,8.0,36.0,319.0,
exercism/java,,1,1.0,0.0,1,21.0,2.0,41.0,875.0,
exist-db/exist,0.0,0,0.0,0.0,1,43.0,73.0,109.0,4895.0,
expediagroup/styx,1.0,1,,,0,36.0,2.0,1046.0,28004.0,9.09
fabioz/pydev,0.0,0,,,0,34.0,6.0,131.0,78535.0,
fabric8io/docker-maven-plugin,1.0,0,1.0,1.0,1,56.0,89.0,57.0,4334.0,
fabric8io/kubernetes-client,1.0,0,1.0,0.0,1,136.0,98.0,735.0,10331.0,
fabricmc/fabric,0.0,1,1.0,1.0,1,207.0,111.0,167.0,18289.0,
fabricmc/fabric-loader,1.0,1,1.0,1.0,1,157.0,32.0,257.0,12634.0,
fabricmc/fabric-loom,0.0,1,1.0,1.0,1,58.0,42.0,213.0,14828.0,
fabricmc/yarn,0.0,0,1.0,1.0,1,107.0,43.0,107.0,3260.0,
facebook/buck,,0,1.0,0.0,1,10.0,49.0,229.0,10019.0,
facebook/fresco,,0,0.0,0.0,1,,,,,
facebook/litho,,0,0.0,0.0,1,,,,,
facebook/stetho,,0,1.0,1.0,1,12.0,17.0,316.0,3944.0,
faforever/downlords-faf-client,0.0,0,,,0,28.0,50.0,756.0,21593.0,
fasterxml/jackson-databind,1.0,0,,,0,7.0,55.0,43.0,2423.0,70.4
fcrepo/fcrepo,1.0,0,0.0,0.0,1,40.0,22.0,165.0,4115.0,
featurecat/lizzie,1.0,0,,,0,3.0,6.0,32.0,401.0,
fenixedu/fenixedu-academic,1.0,0,,,0,5.0,0.0,59.0,1555.0,
ferredoxin/qnotified,,0,1.0,1.0,1,55.0,14.0,198.0,6796.0,
ff4j/ff4j,1.0,0,,,0,7.0,13.0,91.0,1720.0,81.04
find-sec-bugs/find-sec-bugs,,1,1.0,1.0,1,5.0,20.0,77.0,2668.0,
finos/waltz,0.0,0,,,0,6.0,0.0,146.0,8044.0,
firebase/firebase-admin-java,1.0,1,,,0,20.0,5.0,38.0,536.0,77.07
firebase/firebase-android-sdk,,0,,1.0,1,78.0,67.0,121.0,30283.0,
firebase/firebaseui-android,,1,1.0,1.0,1,11.0,13.0,505.0,19230.0,
firebase/quickstart-android,,0,1.0,1.0,1,10.0,8.0,265.0,1426.0,
firebase/snippets-android,,0,1.0,1.0,1,4.0,14.0,375.0,2555.0,
fisco-bcos/web3sdk,1.0,0,0.0,0.0,1,24.0,41.0,123.0,6375.0,11.58
flowable/flowable-engine,1.0,0,,,0,5.0,31.0,104.0,10745.0,
fluentlenium/fluentlenium,,1,1.0,1.0,1,2.0,10.0,57.0,5624.0,
flutter/flutter-intellij,0.0,0,0.0,0.0,1,21.0,15.0,56.0,1245.0,
flyway/flyway,1.0,0,,,0,3.0,25.0,34.0,363.0,
fnproject/fdk-java,,0,,,0,33.0,3.0,128.0,5170.0,
foobnix/librerareader,,0,,,0,0.0,0.0,27.0,1502.0,
forcedotcom/dataloader,0.0,0,,,0,26.0,4.0,76.0,2240.0,
forcedotcom/salesforcemobilesdk-android,,0,,0.0,1,40.0,37.0,78.0,3074.0,
forge/roaster,1.0,0,1.0,1.0,1,0.0,3.0,21.0,51.0,
forgeessentials/forgeessentials,0.0,0,,,0,26.0,21.0,69.0,16273.0,
formidablelabs/react-native-app-auth,,0,1.0,1.0,1,18.0,22.0,36.0,22328.0,
forrestguice/suntimeswidget,,0,1.0,1.0,1,12.0,11.0,67.0,10728.0,
fossasia/neurolab-android,,0,,,0,23.0,8.0,26.0,314.0,
fossasia/open-event-organizer-android,,1,1.0,1.0,1,,,,,
fossasia/phimpme-android,,0,,,0,,,,,
fossasia/pslab-android,,0,,,0,40.0,17.0,54.0,34232.0,
foundationdb/fdb-record-layer,0.0,1,,,0,113.0,26.0,175.0,17271.0,
frameworkium/frameworkium-core,1.0,0,1.0,1.0,1,0.0,20.0,20.0,42.0,
frandallfarmer/neohabitat,1.0,0,,,0,0.0,16.0,1002.0,319754.0,
fraunhoferiosb/frost-server,1.0,0,1.0,1.0,1,0.0,0.0,20.0,40.0,6.25
freefair/gradle-plugins,1.0,0,1.0,1.0,1,0.0,21.0,52.0,2526.0,
freenet/fred,1.0,0,,,0,105.0,73.0,62.0,6561.0,
freeyourgadget/gadgetbridge,,0,,,0,34.0,38.0,161.0,46889.0,
freyacodes/lavalink,1.0,0,1.0,1.0,1,26.0,19.0,29.0,467.0,9.12
fridujo/rabbitmq-mock,1.0,0,,,0,0.0,20.0,20.0,45.0,89.11
frostwire/frostwire,,0,1.0,1.0,1,66.0,37.0,199.0,734196.0,
functionaljava/functionaljava,1.0,0,1.0,1.0,1,9.0,24.0,45.0,5191.0,38.31
funnyguilds/funnyguilds,0.0,1,1.0,1.0,1,15.0,0.0,60.0,1687.0,
fxmisc/richtextfx,0.0,0,,,0,0.0,5.0,37.0,923.0,
g-research/siembol,0.0,0,1.0,1.0,1,55.0,26.0,191.0,44945.0,
gchq/gaffer,0.0,1,,,0,78.0,34.0,76.0,38253.0,
gdgahmedabad/awesome-learning-resources,,0,,,0,0.0,1.0,32.0,9730.0,
gentics/mesh,1.0,0,,,0,21.0,8.0,520.0,64215.0,
geonetwork/core-geonetwork,,1,1.0,1.0,1,16.0,19.0,44.0,12891.0,
geoserver/geoserver,,1,,,0,50.0,19.0,222.0,29196.0,
geotools/geotools,1.0,1,,,0,29.0,34.0,205.0,43566.0,
geowebcache/geowebcache,,1,,,0,8.0,6.0,98.0,4238.0,
getodk/collect,,1,1.0,1.0,1,56.0,44.0,220.0,6695.0,
getsentry/sentry-java,,0,1.0,1.0,1,67.0,25.0,96.0,5625.0,
geysermc/geyser,0.0,0,,1.0,1,56.0,17.0,258.0,72151.0,
ghost-chu/quickshop-reremake,0.0,0,1.0,0.0,1,11.0,15.0,31.0,2784.0,
giscience/openrouteservice,,0,1.0,1.0,1,62.0,4.0,196.0,30178.0,
git-commit-id/git-commit-id-maven-plugin,1.0,1,1.0,0.0,1,4.0,13.0,2169.0,8723.0,52.97
gitblit/gitblit,,1,1.0,1.0,1,1.0,22.0,50.0,6054.0,
gitlab4j/gitlab4j-api,1.0,0,1.0,1.0,1,12.0,19.0,42.0,3118.0,12.01
glitchfiend/biomesoplenty,,0,,,0,0.0,9.0,42.0,4340.0,
glowstonemc/glowstone,1.0,1,1.0,1.0,1,56.0,13.0,865.0,166258.0,
gluonhq/substrate,,0,1.0,1.0,1,50.0,0.0,40.0,917.0,
gluufederation/oxauth,0.0,0,,,0,16.0,0.0,63.0,54700.0,
gluufederation/oxtrust,0.0,0,,,0,8.0,0.0,139.0,12713.0,
glyptodon/guacamole-client,1.0,0,,,0,20.0,0.0,1613.0,119758.0,25.16
gnembon/fabric-carpet,0.0,0,1.0,1.0,1,22.0,40.0,94.0,2281.0,
gocd/gocd,0.0,0,,,0,1.0,38.0,1119.0,14928.0,
google/auto,0.0,0,,,0,0.0,0.0,212.0,4774.0,
google/closure-compiler,,0,0.0,0.0,1,22.0,36.0,43.0,18974.0,
google/closure-templates,0.0,0,,,0,0.0,0.0,137.0,2097.0,
google/conscrypt,,0,0.0,0.0,1,41.0,3.0,42.0,1948.0,
google/data-transfer-project,1.0,1,1.0,1.0,1,32.0,25.0,121.0,7544.0,
google/error-prone,1.0,0,,,0,1.0,0.0,47.0,2231.0,
google/exoplayer,,0,,,0,15.0,60.0,1611.0,3209295.0,
google/flogger,,0,,,0,0.0,0.0,128.0,6008.0,
google/google-java-format,,0,,,0,0.0,0.0,37.0,439.0,
google/graphicsfuzz,,1,,,0,28.0,4.0,122.0,4600.0,
google/ground-android,,1,,,0,197.0,70.0,145.0,32796.0,
google/gson,,0,1.0,1.0,1,22.0,26.0,53.0,7278.0,
google/guava,1.0,0,,,0,1.0,0.0,48.0,1084.0,
google/guice,1.0,0,,,0,0.0,0.0,64.0,664.0,
google/j2objc,,0,1.0,1.0,1,0.0,0.0,74.0,8180.0,
google/nomulus,1.0,1,1.0,1.0,1,123.0,3.0,186.0,16290.0,
google/open-location-code,,0,,,0,22.0,22.0,34.0,3855.0,
google/sagetv,1.0,0,1.0,1.0,1,226.0,90.0,154.0,32141.0,
google/truth,1.0,0,,,0,0.0,0.0,60.0,1514.0,86.15
googleads/googleads-mobile-android-mediation,,0,,,0,80.0,42.0,101.0,27999.0,
googleapis/gapic-generator,1.0,0,,1.0,1,29.0,17.0,54.0,3153.0,
googleapis/gax-java,1.0,0,1.0,1.0,1,52.0,18.0,78.0,11771.0,
googleapis/google-api-java-client,,1,0.0,0.0,1,32.0,12.0,69.0,430.0,
googleapis/google-api-java-client-services,1.0,0,1.0,1.0,1,20.0,0.0,1305.0,309788.0,
googleapis/google-auth-library-java,1.0,0,0.0,0.0,1,70.0,17.0,95.0,8715.0,
googleapis/google-cloud-java,1.0,1,0.0,0.0,1,25.0,3.0,40.0,2948.0,
googleapis/google-http-java-client,,1,0.0,0.0,1,29.0,6.0,30.0,165.0,
googleapis/google-oauth-java-client,1.0,1,1.0,0.0,1,21.0,7.0,55.0,280.0,
googleapis/java-bigtable-hbase,1.0,0,1.0,1.0,1,39.0,6.0,358.0,29042.0,
googlechrome/android-browser-helper,,0,1.0,1.0,1,30.0,22.0,109.0,4643.0,
googleclouddataproc/hadoop-connectors,1.0,0,,,0,143.0,60.0,94.0,18495.0,31.16
googleclouddataproc/spark-bigquery-connector,1.0,0,,,0,59.0,68.0,88.0,4961.0,
googlecloudplatform/app-gradle-plugin,1.0,0,1.0,1.0,1,28.0,6.0,38.0,354.0,
googlecloudplatform/bank-of-anthos,1.0,1,,,0,55.0,49.0,104.0,7543.0,30.3
googlecloudplatform/bigquery-utils,,0,,,0,123.0,48.0,150.0,77931.0,
googlecloudplatform/cloud-bigtable-examples,,0,1.0,1.0,1,87.0,13.0,68.0,3806.0,
googlecloudplatform/cloud-opensource-java,,0,1.0,0.0,1,29.0,6.0,21.0,109.0,
googlecloudplatform/cloud-sql-jdbc-socket-factory,1.0,1,1.0,1.0,1,31.0,17.0,43.0,420.0,35.71
googlecloudplatform/community,,1,,,0,28.0,21.0,62.0,92109.0,
googlecloudplatform/getting-started-java,,0,1.0,1.0,1,22.0,13.0,46.0,142.0,
googlecloudplatform/java-docs-samples,0.0,0,0.0,0.0,1,20.0,10.0,41.0,87.0,
googlecloudplatform/spring-cloud-gcp,1.0,1,1.0,1.0,1,54.0,37.0,120.0,4918.0,
googlecontainertools/jib,1.0,1,1.0,1.0,1,62.0,33.0,68.0,1702.0,72.2
googlemaps/android-maps-utils,,0,,,0,39.0,26.0,31.0,131.0,
googlemaps/android-samples,,0,1.0,1.0,1,39.0,20.0,20.0,40.0,
googlemaps/google-maps-services-java,1.0,0,,,0,15.0,28.0,43.0,883.0,49.71
graphhopper/graphhopper,1.0,1,1.0,1.0,1,161.0,58.0,228.0,21620.0,
graphql-java-kickstart/graphql-java-servlet,1.0,0,,,0,0.0,19.0,73.0,11246.0,61.6
graphql-java/graphql-java,0.0,0,1.0,1.0,1,23.0,3.0,50.0,115975.0,
gravitee-io/gravitee-access-management,1.0,0,1.0,1.0,1,6.0,0.0,67.0,2482.0,
gravitee-io/gravitee-gateway,1.0,0,,,0,,,,,
graylog2/graylog2-server,0.0,1,,1.0,1,42.0,0.0,125.0,17512.0,
gregtechce/gregtech,0.0,0,,1.0,1,27.0,4.0,52.0,7164.0,
groovy/groovy-eclipse,0.0,1,,,0,0.0,19.0,2707.0,1277749.0,
grpc/grpc-java,,1,1.0,1.0,1,143.0,23.0,218.0,52128.0,
gsantner/markor,,0,1.0,1.0,1,119.0,92.0,194.0,17494.0,
gsi-cs-co/chart-fx,1.0,0,,,0,29.0,33.0,249.0,15101.0,
gwtmaterialdesign/gwt-material,1.0,0,,,0,0.0,4.0,737.0,252512.0,0.0
h2database/h2database,,1,,,0,3.0,10.0,299.0,41328.0,
hacktoberfest17/programming,,0,,,0,,,,,
haehnchen/idea-php-symfony2-plugin,1.0,0,1.0,1.0,1,0.0,6.0,60.0,1178.0,
haiwen/seadroid,,0,,,0,29.0,6.0,120.0,5636.0,
halestudio/hale,,0,,,0,30.0,8.0,226.0,9474.0,
halo-dev/halo,0.0,1,0.0,1.0,1,50.0,46.0,60.0,3063.0,
hangarmc/hangar,1.0,0,1.0,1.0,1,39.0,22.0,37.0,14408.0,7.88
hapifhir/hapi-fhir,1.0,1,1.0,1.0,1,52.0,31.0,432.0,1425150.0,20.52
hashgraph/hedera-sdk-java,,0,1.0,0.0,1,27.0,9.0,295.0,11258.0,
hashgraph/hedera-services,0.0,0,,0.0,1,92.0,21.0,322.0,127097.0,
hawtio/hawtio,1.0,0,1.0,1.0,1,27.0,35.0,124.0,4251.0,26.58
hazelcast/hazelcast,1.0,1,,,0,58.0,11.0,111.0,32453.0,
hazelcast/hazelcast-code-samples,1.0,1,,,0,22.0,25.0,440.0,1275486.0,43.15
hazelcast/hazelcast-jet,1.0,1,,,0,22.0,4.0,159.0,34658.0,
hcoles/pitest,1.0,1,1.0,1.0,1,0.0,2.0,237.0,5306.0,66.67
hibernate/hibernate-orm,1.0,1,,,0,45.0,47.0,351.0,15526.0,
hibernate/hibernate-reactive,1.0,0,,,0,24.0,91.0,133.0,4702.0,6.66
hibernate/hibernate-search,1.0,1,0.0,0.0,1,9.0,56.0,204.0,5972.0,
hibernate/hibernate-tools,1.0,0,,,0,0.0,2.0,101.0,324.0,100.0
hibernate/hibernate-validator,1.0,1,,1.0,1,5.0,16.0,62.0,559.0,
hidroh/materialistic,,0,1.0,1.0,1,6.0,4.0,411.0,12416.0,
hivemq/hivemq-community-edition,1.0,0,,,0,89.0,1.0,593.0,16064.0,
hivemq/hivemq-mqtt-client,1.0,0,,,0,38.0,2.0,1084.0,37292.0,
hopshadoop/hops,0.0,1,,,0,23.0,35.0,41.0,531.0,
hortonworks/cloudbreak,0.0,1,,,0,86.0,4.0,207.0,10250.0,
hortonworks/registry,0.0,1,,,0,32.0,22.0,110.0,3031.0,
huaweicloud/spring-cloud-huawei,0.0,0,1.0,1.0,1,20.0,18.0,900.0,44637.0,
hub4j/github-api,1.0,0,1.0,1.0,1,34.0,37.0,317.0,25259.0,
hubspot/baragon,1.0,0,,,0,23.0,5.0,159.0,29952.0,
hubspot/jinjava,1.0,1,,,0,4.0,0.0,84.0,3458.0,
hubspot/singularity,1.0,0,,,0,50.0,41.0,88.0,5175.0,
hubspot/slack-client,1.0,0,0.0,0.0,1,27.0,11.0,52.0,725.0,
hugegraph/hugegraph,0.0,0,1.0,1.0,1,128.0,25.0,188.0,13012.0,
hurence/logisland,0.0,0,0.0,0.0,1,17.0,0.0,1240.0,855738.0,
hyperledger/besu,1.0,0,1.0,0.0,1,84.0,5.0,364.0,46924.0,58.16
hyperledger/fabric-chaincode-java,1.0,1,0.0,0.0,1,26.0,12.0,173.0,9600.0,77.87
hyscale/hyscale,0.0,0,1.0,1.0,1,28.0,20.0,68.0,351.0,
hzi-braunschweig/sormas-project,,0,,,0,29.0,6.0,321.0,76502.0,
ibm/fhir,,1,1.0,1.0,1,43.0,0.0,154.0,6849.0,
ibotpeaches/apktool,,0,1.0,1.0,1,32.0,36.0,153.0,1718.0,
ical4j/ical4j,1.0,1,0.0,0.0,1,1.0,11.0,381.0,415495.0,61.75
idempiere/idempiere,0.0,0,,,0,35.0,14.0,185.0,748262.0,
ignatov/intellij-erlang,1.0,0,1.0,1.0,1,5.0,32.0,105.0,1961.0,
igniterealtime/openfire,1.0,0,1.0,1.0,1,28.0,22.0,84.0,1736.0,
igniterealtime/smack,0.0,1,1.0,1.0,1,32.0,14.0,97.0,3761.0,
igniterealtime/spark,1.0,0,1.0,1.0,1,0.0,7.0,99.0,986.0,
iiitv/algos,,0,,,0,,,,,
iluwatar/java-design-patterns,1.0,1,,,0,31.0,49.0,490.0,61790.0,55.84
immutables/immutables,1.0,0,1.0,1.0,1,47.0,41.0,91.0,1704.0,
impossibl/pgjdbc-ng,1.0,1,1.0,1.0,1,2.0,7.0,91.0,2431.0,
improbable-research/keanu,0.0,0,0.0,0.0,1,84.0,1.0,328.0,399987.0,
incendo/cloud,0.0,1,1.0,1.0,1,23.0,6.0,607.0,10617.0,
inception-project/inception,1.0,1,,,0,54.0,19.0,340.0,63676.0,
infinispan/infinispan,0.0,1,,0.0,1,42.0,62.0,266.0,7198.0,
influxdata/influxdb-java,1.0,1,1.0,1.0,1,0.0,12.0,23.0,350.0,
innoxia/liliths-throne-public,0.0,0,,,0,7.0,26.0,213.0,903985.0,
inputmice/conversations,,0,1.0,1.0,1,1.0,20.0,225.0,1460.0,
inria/spoon,,1,1.0,1.0,1,60.0,25.0,42.0,3451.0,
inspectit/inspectit-ocelot,1.0,0,,0.0,1,34.0,5.0,151.0,7032.0,
intel-bigdata/hibench,0.0,0,,,0,135.0,43.0,150.0,10578.0,
intellectualsites/fastasyncworldedit,1.0,0,1.0,1.0,1,165.0,18.0,4436.0,724072.0,
intellectualsites/plotsquared,1.0,0,1.0,1.0,1,67.0,11.0,67.0,74259.0,
interestinglab/earth-fleet,0.0,1,1.0,1.0,1,22.0,8.0,146.0,1057.0,
interestinglab/seatunnel,0.0,1,1.0,1.0,1,22.0,8.0,146.0,1057.0,
interestinglab/waterdrop,0.0,1,1.0,1.0,1,22.0,8.0,146.0,1057.0,
intermine/intermine,,1,,,0,1.0,8.0,238.0,78395.0,
internetarchive/heritrix3,0.0,0,1.0,1.0,1,3.0,7.0,86.0,2815.0,
intuit/karate,,0,1.0,1.0,1,12.0,16.0,73.0,4162.0,
ionic-team/capacitor,,0,,,0,24.0,25.0,39.0,1880.0,
ionic-team/capacitor-plugins,,0,,,0,17.0,3.0,32.0,3222.0,
iqss/dataverse,1.0,1,0.0,0.0,1,49.0,38.0,174.0,447797.0,15.72
irisshaders/iris,1.0,0,1.0,1.0,1,27.0,24.0,101.0,4103.0,8.14
iterate-ch/cyberduck,0.0,0,1.0,1.0,1,1.0,23.0,20.0,206971.0,
jabref/jabref,0.0,1,1.0,0.0,1,65.0,47.0,111.0,130450.0,
jacoco/jacoco,1.0,0,1.0,1.0,1,42.0,28.0,79.0,1868.0,
jaegertracing/jaeger-client-java,0.0,1,,,0,31.0,50.0,60.0,1522.0,
jaeksoft/opensearchserver,0.0,0,0.0,0.0,1,1.0,2.0,580.0,63624.0,
janusgraph/janusgraph,1.0,0,1.0,1.0,1,78.0,51.0,77.0,1604.0,
java-native-access/jna,,1,1.0,1.0,1,47.0,75.0,72.0,1956.0,
java-operator-sdk/java-operator-sdk,1.0,0,1.0,1.0,1,68.0,76.0,274.0,43135.0,58.16
javacord/javacord,1.0,1,1.0,1.0,1,76.0,28.0,390.0,27475.0,
javadev/underscore-java,1.0,1,1.0,1.0,1,1.0,31.0,40.0,705.0,95.42
javaee-samples/javaee7-samples,0.0,0,,,0,6.0,9.0,72.0,3593.0,
javalite/javalite,0.0,0,,,0,8.0,13.0,203.0,9176.0,
javamoney/jsr354-ri,1.0,1,1.0,1.0,1,12.0,7.0,57.0,1236.0,48.36
javaparser/javaparser,1.0,0,1.0,0.0,1,4.0,22.0,48.0,5165.0,
javers/javers,1.0,0,1.0,1.0,1,5.0,15.0,193.0,6015.0,72.98
jbake-org/jbake,1.0,1,1.0,1.0,1,17.0,9.0,164.0,15002.0,
jbangdev/jbang,1.0,0,1.0,1.0,1,11.0,28.0,59.0,1083.0,51.32
jboss-modules/jboss-modules,1.0,0,1.0,1.0,1,37.0,22.0,40.0,1570.0,
jbosstm/narayana,1.0,1,,,0,161.0,488.0,1017.0,95867.0,
jchambers/pushy,1.0,0,,,0,6.0,13.0,81.0,1810.0,
jdbi/jdbi,0.0,1,,,0,13.0,3.0,94.0,4544.0,
jellyfin/jellyfin-androidtv,,0,1.0,1.0,1,34.0,10.0,167.0,3381.0,
jenetics/jenetics,1.0,0,,,0,0.0,0.0,232.0,25677.0,
jenkins-infra/update-center2,1.0,1,,1.0,1,35.0,22.0,47.0,1374.0,
jenkinsci/acceptance-test-harness,,0,,1.0,1,54.0,14.0,34.0,2814.0,
jenkinsci/bitbucket-branch-source-plugin,1.0,1,1.0,1.0,1,18.0,21.0,32.0,2592.0,40.03
jenkinsci/blueocean-plugin,1.0,0,1.0,1.0,1,140.0,27.0,286.0,6072.0,6.72
jenkinsci/configuration-as-code-plugin,1.0,1,0.0,0.0,1,7.0,29.0,26.0,620.0,40.94
jenkinsci/docker-plugin,1.0,0,1.0,1.0,1,19.0,35.0,209.0,6749.0,40.26
jenkinsci/docker-workflow-plugin,1.0,0,1.0,1.0,1,60.0,74.0,232.0,11729.0,24.7
jenkinsci/ec2-plugin,1.0,1,1.0,1.0,1,19.0,35.0,43.0,1262.0,33.96
jenkinsci/email-ext-plugin,1.0,0,1.0,1.0,1,17.0,15.0,25.0,252.0,54.56
jenkinsci/gerrit-trigger-plugin,1.0,1,0.0,0.0,1,81.0,52.0,80.0,4157.0,
jenkinsci/ghprb-plugin,0.0,1,1.0,1.0,1,32.0,93.0,32.0,685.0,
jenkinsci/git-client-plugin,1.0,0,1.0,1.0,1,21.0,10.0,31.0,1147.0,66.86
jenkinsci/github-branch-source-plugin,1.0,0,1.0,1.0,1,23.0,6.0,23.0,218.0,44.56
jenkinsci/github-plugin,1.0,1,1.0,1.0,1,43.0,65.0,64.0,1478.0,61.01
jenkinsci/gitlab-plugin,1.0,0,1.0,1.0,1,20.0,55.0,60.0,3045.0,43.34
jenkinsci/jenkins,1.0,1,1.0,1.0,1,63.0,42.0,41.0,2274.0,
jenkinsci/jenkinsfile-runner,1.0,0,1.0,1.0,1,39.0,22.0,59.0,771.0,
jenkinsci/jira-plugin,1.0,1,1.0,1.0,1,2.0,21.0,26.0,135.0,45.71
jenkinsci/kubernetes-plugin,1.0,0,,0.0,1,33.0,19.0,79.0,2367.0,40.73
jenkinsci/mesos-plugin,1.0,0,0.0,0.0,1,21.0,14.0,103.0,3087.0,36.17
jenkinsci/performance-plugin,0.0,1,1.0,1.0,1,33.0,61.0,130.0,5345.0,
jenkinsci/plugin-installation-manager-tool,1.0,1,0.0,0.0,1,11.0,7.0,20.0,113.0,
jenkinsci/remoting,1.0,1,1.0,1.0,1,37.0,29.0,25.0,162.0,
jenkinsci/subversion-plugin,1.0,0,1.0,1.0,1,35.0,43.0,128.0,4512.0,41.83
jenkinsci/swarm-plugin,1.0,1,1.0,1.0,1,21.0,8.0,30.0,296.0,
jenkinsci/tfs-plugin,0.0,1,0.0,0.0,1,65.0,8.0,70.0,1697.0,
jenkinsci/warnings-ng-plugin,1.0,1,0.0,0.0,1,4.0,19.0,42.0,3022.0,39.35
jenkinsci/workflow-cps-plugin,1.0,0,1.0,1.0,1,56.0,29.0,37.0,459.0,70.87
jensgerdes/sonar-pmd,1.0,0,1.0,1.0,1,,,,,0.0
jeremylong/dependencycheck,1.0,1,1.0,1.0,1,19.0,9.0,33.0,704.0,
jetbrains/intellij-plugins,,0,,,0,,,,,
jetbrains/intellij-sdk-docs,,0,,,0,,,,,
jflex-de/jflex,1.0,0,1.0,1.0,1,1.0,2.0,222.0,7189.0,
jfrog/build-info,0.0,0,,,0,25.0,0.0,100.0,3584.0,
jhipster/prettier-java,,1,,,0,6.0,14.0,94.0,8849.0,
jhy/jsoup,1.0,0,,,0,0.0,13.0,25.0,190.0,
jitsi/jicofo,1.0,1,1.0,0.0,1,30.0,39.0,102.0,2744.0,38.94
jitsi/jigasi,1.0,1,1.0,0.0,1,32.0,26.0,70.0,1948.0,19.09
jitsi/jitsi,,0,1.0,1.0,1,21.0,24.0,61.0,4527.0,
jitsi/jitsi-meet-torture,1.0,1,1.0,1.0,1,26.0,14.0,85.0,3547.0,
jitsi/libjitsi,1.0,0,1.0,1.0,1,34.0,15.0,963.0,24581.0,
jknack/handlebars.java,1.0,1,1.0,1.0,1,2.0,32.0,32.0,234.0,
jmonkeyengine/jmonkeyengine,,0,1.0,1.0,1,29.0,60.0,390.0,9566.0,
jmri/jmri,1.0,1,0.0,0.0,1,44.0,80.0,234.0,31584.0,
jmrozanec/cron-utils,0.0,1,,,0,0.0,27.0,68.0,5113.0,
joelittlejohn/jsonschema2pojo,,0,,,0,0.0,2.0,63.0,865.0,
joinfaces/joinfaces,0.0,1,1.0,1.0,1,0.0,11.0,21.0,42.0,
jolie/jolie,0.0,0,1.0,1.0,1,10.0,31.0,419.0,80456.0,
jonasoreland/runnerup,,0,,,0,18.0,45.0,167.0,6706.0,
jooby-project/jooby,,1,1.0,0.0,1,11.0,1.0,58.0,1696.0,
jooq/jooq,1.0,0,,,0,11.0,30.0,34.0,463715.0,
jpos/jpos,1.0,0,0.0,0.0,1,17.0,2.0,48.0,737.0,46.9
jqno/equalsverifier,1.0,1,1.0,1.0,1,0.0,20.0,23.0,236.0,96.36
json-path/jsonpath,1.0,0,,,0,12.0,12.0,51.0,6334.0,67.82
jsqlparser/jsqlparser,1.0,1,,,0,0.0,30.0,701.0,17705.0,68.05
jtablesaw/tablesaw,1.0,0,1.0,1.0,1,15.0,34.0,101.0,7719.0,68.05
julianhyde/sqlline,1.0,1,1.0,1.0,1,,,,,
junit-pioneer/junit-pioneer,1.0,1,0.0,0.0,1,86.0,46.0,97.0,10446.0,92.02
junit-team/junit4,1.0,0,1.0,1.0,1,47.0,44.0,108.0,4761.0,83.91
junit-team/junit5,0.0,1,1.0,0.0,1,60.0,74.0,94.0,6393.0,
jwtk/jjwt,1.0,0,1.0,1.0,1,36.0,40.0,40.0,2363.0,
k9mail/k-9,,0,,,0,1.0,10.0,117.0,1862.0,
karakun/openwebstart,0.0,0,,,0,10.0,9.0,51.0,1315.0,
karatelabs/karate,,0,1.0,1.0,1,12.0,16.0,73.0,4162.0,
keepsafe/dexcount-gradle-plugin,,0,1.0,1.0,1,0.0,0.0,123.0,9203.0,
kermitt2/grobid,1.0,0,1.0,1.0,1,32.0,82.0,126.0,2497406.0,
keycloak/keycloak,0.0,0,1.0,0.0,1,63.0,33.0,410.0,3057.0,
keycloak/keycloak-quickstarts,0.0,0,,,0,39.0,10.0,259.0,9716.0,
kframework/k,0.0,1,0.0,0.0,1,43.0,12.0,149.0,5912.0,
kiegroup/appformer,1.0,0,,,0,43.0,62.0,750.0,15054.0,
kiegroup/drools,1.0,1,,,0,56.0,72.0,210.0,119881.0,
kiegroup/droolsjbpm-integration,0.0,0,,,0,70.0,102.0,382.0,37125.0,
kiegroup/droolsjbpm-knowledge,1.0,0,,,0,26.0,31.0,31.0,1836.0,
kiegroup/jbpm,1.0,0,,,0,23.0,58.0,127.0,15897.0,
kiegroup/kogito-examples,1.0,0,,,0,99.0,141.0,603.0,32311.0,
kiegroup/kogito-runtimes,,0,,,0,165.0,310.0,535.0,4426.0,
kiegroup/optaplanner,0.0,0,,,0,60.0,101.0,139.0,6765.0,
kiegroup/optaplanner-quickstarts,,0,,,0,27.0,90.0,421.0,1732.0,
kiegroup/optaweb-vehicle-routing,1.0,0,,,0,18.0,19.0,73.0,316.0,86.36
killbill/killbill,1.0,1,,,0,31.0,2.0,101.0,4622.0,
knowm/xchange,1.0,0,1.0,1.0,1,61.0,23.0,131.0,27863.0,9.37
knowm/xchart,1.0,0,1.0,1.0,1,0.0,9.0,48.0,452.0,18.22
kobylynskyi/graphql-java-codegen,1.0,1,1.0,1.0,1,56.0,56.0,304.0,11712.0,
komamitsu/fluency,1.0,0,1.0,1.0,1,0.0,0.0,36.0,748.0,
kubernetes-client/java,,0,,,0,19.0,52.0,44.0,703.0,
kunal-kushwaha/dsa-bootcamp-java,,0,,,0,,,,,
kyoripowered/adventure,1.0,1,1.0,1.0,1,97.0,16.0,297.0,9433.0,
labsai/eddi,1.0,0,1.0,1.0,1,0.0,1.0,133.0,2430.0,
languagetool-org/languagetool,1.0,0,,1.0,1,4.0,3.0,27.0,3470.0,
lawnchairlauncher/lawnchair,,1,1.0,1.0,1,14.0,13.0,239.0,25156.0,
lbryio/lbry-android,,0,,,0,29.0,6.0,222.0,5719.0,
ldtteam/minecolonies,0.0,1,0.0,0.0,1,71.0,2.0,709.0,16723.0,
lenskit/lenskit,0.0,0,,,0,0.0,18.0,975.0,30941.0,
lettuce-io/lettuce-core,1.0,0,,,0,12.0,32.0,63.0,930.0,45.61
libgdx/libgdx,,0,1.0,1.0,1,53.0,54.0,80.0,214765.0,
librepdf/openpdf,1.0,1,,,0,4.0,23.0,28.0,1206.0,23.82
liferay/liferay-blade-samples,0.0,0,,,0,0.0,13.0,463.0,65751.0,
liferay/liferay-docs,,0,,,0,0.0,16.0,267.0,14603.0,
liferay/liferay-ide,,0,,,0,0.0,3.0,55.0,1108.0,
liferay/liferay-portal,,0,,,0,,,,,
lightbend/config,,1,1.0,1.0,1,44.0,36.0,245.0,54901.0,
line/armeria,1.0,1,1.0,0.0,1,329.0,67.0,232.0,94310.0,
line/centraldogma,1.0,1,0.0,0.0,1,33.0,42.0,103.0,6021.0,
line/line-bot-sdk-java,1.0,1,,,0,25.0,7.0,55.0,1714.0,51.66
linkedin/ambry,1.0,0,,,0,62.0,20.0,93.0,2227.0,
linkedin/brooklin,1.0,1,1.0,1.0,1,175.0,2.0,90.0,41808.0,
linkedin/cruise-control,1.0,1,1.0,1.0,1,28.0,6.0,204.0,3125.0,
linkedin/datahub,0.0,1,0.0,1.0,1,87.0,5.0,342.0,423361.0,
linkedin/kafka-monitor,1.0,1,0.0,0.0,1,59.0,8.0,54.0,2073.0,15.04
linkedin/rest.li,0.0,0,,,0,65.0,17.0,793.0,41198.0,
linkedin/tony,0.0,1,1.0,1.0,1,37.0,20.0,94.0,3277.0,
liquibase/liquibase,1.0,0,,,0,32.0,12.0,93.0,119690.0,
liquibase/liquigraph,1.0,0,1.0,1.0,1,8.0,8.0,333.0,6572.0,52.66
ln-zap/zap-android,,0,,1.0,1,0.0,5.0,126.0,2089.0,
locationtech/geowave,1.0,0,,,0,30.0,1.0,1748.0,67275.0,
locationtech/jts,1.0,1,1.0,1.0,1,12.0,15.0,597.0,17133.0,
locationtech/udig-platform,0.0,1,1.0,1.0,1,5.0,19.0,227.0,15706.0,
logicalclocks/hopsworks,0.0,1,,,0,19.0,1.0,108.0,6119.0,
logisim-evolution/logisim-evolution,0.0,1,1.0,1.0,1,104.0,58.0,1002.0,46137.0,
logstash/logstash-logback-encoder,1.0,1,1.0,1.0,1,33.0,40.0,418.0,5748.0,68.22
lothrazar/cyclic,0.0,1,,,0,5.0,20.0,467.0,15242.0,
lottie-react-native/lottie-react-native,,0,,,0,28.0,97.0,630.0,7462.0,
ls1intum/artemis,0.0,1,0.0,0.0,1,221.0,42.0,248.0,710459.0,
lsposed/lsposed,,0,1.0,1.0,1,27.0,3.0,88.0,2044.0,
ltsopensource/light-task-scheduler,0.0,0,,,0,0.0,4.0,31.0,2074.0,
lucee/lucee,,0,0.0,0.0,1,0.0,17.0,52.0,1047.0,
lukas-krecan/jsonunit,1.0,0,1.0,1.0,1,1.0,2.0,34.0,1965.0,54.96
lukas-krecan/shedlock,1.0,0,1.0,1.0,1,5.0,8.0,23.0,74.0,
m2049r/xmrwallet,,0,1.0,1.0,1,8.0,13.0,155.0,6413.0,
m66b/netguard,,0,,,0,2.0,44.0,130.0,352.0,
magefree/mage,0.0,0,1.0,1.0,1,63.0,96.0,850.0,132219.0,
magento/magento2-phpstorm-plugin,0.0,1,,,0,70.0,13.0,302.0,19867.0,
mantaro/mantarobot,0.0,0,,,0,0.0,0.0,113.0,1456.0,
mapbox/mapbox-gl-native-android,,1,,1.0,1,37.0,11.0,1809.0,744586.0,
mapbox/mapbox-java,0.0,1,1.0,1.0,1,64.0,18.0,91.0,9484.0,
mapbox/mapbox-plugins-android,,1,1.0,0.0,1,33.0,12.0,327.0,48400.0,
mapfish/mapfish-print,1.0,1,,,0,20.0,4.0,26.0,175.0,
mapsforge/mapsforge,,1,1.0,1.0,1,0.0,0.0,39.0,653.0,
mapstruct/mapstruct,,1,,,0,63.0,47.0,215.0,8012.0,
marcosbarbero/spring-cloud-zuul-ratelimit,1.0,0,1.0,1.0,1,17.0,11.0,36.0,146.0,87.5
marklogic/marklogic-data-hub,1.0,0,0.0,0.0,1,56.0,10.0,431.0,100681.0,
marquezproject/marquez,1.0,0,1.0,0.0,1,40.0,22.0,95.0,36296.0,22.11
martykan/forecastie,,0,0.0,0.0,1,0.0,29.0,107.0,14501.0,
marytts/marytts,1.0,0,0.0,0.0,1,2.0,37.0,934.0,107208.0,
material-components/material-components-android,,0,,,0,,,,,
matsim-org/matsim-libs,1.0,0,1.0,1.0,1,13.0,17.0,159.0,837907.0,44.64
maven-nar/nar-maven-plugin,1.0,0,1.0,1.0,1,9.0,18.0,70.0,1872.0,11.5
maxcom/lorsource,1.0,0,,,0,5.0,9.0,32.0,452.0,
mbeddr/mbeddr.core,1.0,0,1.0,1.0,1,15.0,32.0,2272.0,45083.0,
mcmmo-dev/mcmmo,1.0,0,,,0,31.0,45.0,32.0,8596.0,3.46
mcreator/mcreator,0.0,0,1.0,1.0,1,16.0,4.0,1229.0,51977.0,
megamek/megamek,1.0,0,,,0,30.0,16.0,122.0,496410.0,
mekanism/mekanism,0.0,0,,,0,28.0,11.0,481.0,125858.0,
metasfresh/metasfresh,,0,,1.0,1,28.0,11.0,347.0,69402.0,
meteordevelopment/meteor-client,0.0,0,1.0,1.0,1,2.0,34.0,95.0,112733.0,
metersphere/metersphere,1.0,0,1.0,1.0,1,20.0,0.0,133.0,5767.0,
mewna/catnip,0.0,0,,,0,3.0,17.0,48.0,1033.0,
mezz/justenoughitems,0.0,0,,,0,35.0,27.0,434.0,10328.0,
micdoodle8/galacticraft,0.0,0,,,0,5.0,26.0,61.0,7600.0,
micro-manager/micro-manager,,0,1.0,1.0,1,0.0,1.0,170.0,9487.0,
microg/gmscore,,0,1.0,1.0,1,12.0,35.0,62.0,2899.0,
micrometer-metrics/micrometer,1.0,1,1.0,1.0,1,17.0,24.0,51.0,2218.0,
micronaut-projects/micronaut-core,1.0,1,1.0,1.0,1,3.0,15.0,83.0,3102.0,
micronaut-projects/micronaut-data,1.0,1,0.0,0.0,1,29.0,23.0,400.0,7521.0,
micronaut-projects/micronaut-security,1.0,1,1.0,1.0,1,16.0,8.0,172.0,2348.0,40.98
micronaut-projects/micronaut-starter,1.0,1,1.0,1.0,1,7.0,14.0,53.0,1485.0,12.48
microsoft/appcenter-sdk-android,,0,0.0,0.0,1,72.0,6.0,360.0,11345.0,
microsoft/applicationinsights-java,0.0,1,1.0,1.0,1,47.0,20.0,1008.0,80294.0,
microsoft/azure-maven-plugins,1.0,1,1.0,1.0,1,38.0,0.0,86.0,1629.0,
microsoft/azure-tools-for-java,0.0,1,1.0,0.0,1,56.0,5.0,1701.0,125857.0,
microsoft/botbuilder-java,1.0,1,1.0,1.0,1,19.0,1.0,97.0,4103.0,67.96
microsoft/java-debug,1.0,0,,,0,30.0,5.0,84.0,3443.0,9.47
microsoft/mssql-jdbc,0.0,1,1.0,1.0,1,111.0,33.0,74.0,21523.0,
microsoft/playwright-java,1.0,0,1.0,0.0,1,11.0,5.0,116.0,5773.0,
microsoft/vscode-java-test,,1,1.0,1.0,1,50.0,1.0,136.0,8370.0,
microsoftgraph/msgraph-sdk-java,,0,1.0,0.0,1,30.0,7.0,402.0,255392.0,
milkbowl/vault,0.0,0,1.0,1.0,1,0.0,38.0,63.0,3023.0,
miloskozak/androidaps,,0,,,0,12.0,24.0,718.0,120042.0,
minecraftforge/forgegradle,1.0,0,,1.0,1,38.0,19.0,166.0,10871.0,
minecraftforge/minecraftforge,0.0,0,,1.0,1,71.0,31.0,83.0,9576.0,
minerllabs/minerl,,0,0.0,0.0,1,28.0,17.0,46.0,1287.0,
minestom/minestom,0.0,0,1.0,1.0,1,3.0,6.0,204.0,8014.0,
minio/minio-java,1.0,1,,,0,54.0,6.0,41.0,5939.0,
mirkosertic/bytecoder,0.0,0,1.0,1.0,1,0.0,12.0,44.0,707.0,
miso-lims/miso-lims,1.0,0,,,0,48.0,3.0,295.0,8077.0,5.4
mission-peace/interview,0.0,0,,,0,,,,,
mit-cml/appinventor-sources,,1,,,0,33.0,34.0,73.0,95422.0,
mixpanel/mixpanel-android,,0,1.0,1.0,1,25.0,0.0,189.0,23142.0,
mobivm/robovm,,0,1.0,1.0,1,4.0,20.0,2126.0,20097.0,
mock-server/mockserver,1.0,1,0.0,0.0,1,0.0,3.0,44.0,388.0,
mockito/mockito,,1,1.0,1.0,1,5.0,33.0,67.0,1831.0,
mohistmc/mohist,0.0,0,1.0,1.0,1,3.0,17.0,278.0,155206.0,
molgenis/systemsgenetics,1.0,0,,,0,21.0,0.0,450.0,1525188.0,59.32
mongock/mongock,1.0,0,,,0,14.0,0.0,133.0,3688.0,8.82
mongock/mongock-driver-mongodb,0.0,0,,,0,14.0,0.0,133.0,3688.0,
mongodb/mongo-java-driver,1.0,1,,,0,159.0,12.0,1130.0,103870.0,
moquette-io/moquette,1.0,1,,,0,29.0,14.0,60.0,1252.0,69.52
morenoh149/react-native-contacts,,0,,,0,0.0,8.0,41.0,13964.0,
morphiaorg/morphia,1.0,1,,,0,10.0,19.0,30.0,1234.0,0.0
movingblocks/destinationsol,1.0,0,,1.0,1,58.0,22.0,190.0,11671.0,
movingblocks/terasology,1.0,1,1.0,1.0,1,70.0,25.0,68.0,7886.0,
movingblocks/terasologylauncher,1.0,1,,,0,54.0,24.0,108.0,8318.0,
mozillareality/firefoxreality,,0,,,0,1.0,0.0,73.0,35083.0,
mplushnikov/lombok-intellij-plugin,0.0,0,0.0,0.0,1,4.0,49.0,56.0,2942.0,
msgpack/msgpack-java,,0,,,0,1.0,2.0,65.0,9717.0,
mulesoft/mule,0.0,0,,,0,23.0,7.0,174.0,3890.0,
multiverse/multiverse-core,1.0,0,1.0,1.0,1,43.0,19.0,91.0,4766.0,14.6
mvndaemon/mvnd,1.0,0,,,0,7.0,5.0,90.0,6588.0,38.6
mybatis/generator,,1,1.0,1.0,1,0.0,20.0,209.0,6555.0,
mybatis/guice,1.0,0,1.0,1.0,1,0.0,20.0,20.0,40.0,49.91
mybatis/jpetstore-6,1.0,0,0.0,0.0,1,0.0,20.0,20.0,40.0,26.92
mybatis/mybatis-3,1.0,0,1.0,1.0,1,1.0,24.0,22.0,56.0,82.03
mybatis/mybatis-dynamic-sql,1.0,1,1.0,1.0,1,0.0,20.0,55.0,1132.0,94.9
mybatis/spring,1.0,0,1.0,1.0,1,0.0,22.0,154.0,779.0,81.97
mybatis/spring-boot-starter,1.0,0,1.0,1.0,1,0.0,9.0,299.0,1334.0,84.13
mycatapache/mycat-server,0.0,0,,,0,0.0,18.0,87.0,6687.0,
myrobotlab/myrobotlab,0.0,0,,1.0,1,57.0,2.0,508.0,54524.0,
natario1/cameraview,,0,1.0,0.0,1,11.0,17.0,117.0,8392.0,
nationalsecurityagency/datawave,0.0,1,1.0,1.0,1,158.0,12.0,131.0,72844.0,
nationalsecurityagency/ghidra,0.0,0,,,0,11.0,22.0,21.0,2141.0,
nats-io/nats.java,1.0,0,1.0,1.0,1,42.0,0.0,126.0,10079.0,66.08
naver/ngrinder,1.0,0,,,0,57.0,2.0,225.0,10527.0,29.98
neamar/kiss,,0,1.0,1.0,1,16.0,28.0,71.0,1950.0,
nekox-dev/nekox,,0,,,0,,,,,
neo4j-contrib/neo4j-apoc-procedures,1.0,0,1.0,1.0,1,3.0,0.0,308.0,9780.0,64.34
neo4j/neo4j,1.0,1,,,0,,,,,
neo4j/neo4j-java-driver,1.0,0,,,0,27.0,8.0,87.0,1886.0,
neo4j/neo4j-ogm,,1,1.0,1.0,1,17.0,24.0,105.0,2910.0,
netcentric/accesscontroltool,1.0,0,1.0,1.0,1,32.0,20.0,137.0,3868.0,24.45
netflix/astyanax,1.0,1,1.0,1.0,1,5.0,4.0,548.0,12722.0,0.0
netflix/conductor,1.0,0,1.0,1.0,1,34.0,30.0,128.0,21442.0,10.21
netflix/dyno,1.0,0,1.0,1.0,1,23.0,8.0,263.0,33964.0,
netflix/eureka,0.0,1,1.0,0.0,1,23.0,19.0,61.0,530.0,
netflix/genie,1.0,1,1.0,1.0,1,26.0,35.0,138.0,4616.0,
netflix/governator,1.0,1,1.0,1.0,1,39.0,15.0,74.0,5045.0,53.23
netflix/hollow,0.0,1,1.0,1.0,1,66.0,10.0,83.0,1516.0,
netflix/metacat,0.0,1,1.0,1.0,1,48.0,0.0,96.0,1638.0,
netflix/photon,0.0,0,1.0,1.0,1,49.0,17.0,206.0,54433.0,
netflix/priam,0.0,1,,,0,19.0,6.0,108.0,4120.0,
netflix/ribbon,1.0,1,1.0,1.0,1,3.0,2.0,88.0,2163.0,41.32
netflix/spectator,1.0,1,1.0,1.0,1,9.0,4.0,81.0,2039.0,80.34
netflix/titus-control-plane,0.0,0,0.0,0.0,1,40.0,4.0,320.0,7668.0,
netflix/zuul,1.0,1,1.0,1.0,1,29.0,3.0,59.0,1485.0,25.04
netty/netty,0.0,1,,,0,70.0,27.0,203.0,3437.0,
netty/netty-incubator-codec-quic,,0,,,0,13.0,5.0,94.0,3331.0,
networknt/light-4j,1.0,0,,,0,6.0,4.0,36.0,434.0,
networknt/light-example-4j,,0,,,0,,,,,
nextcloud/android,,1,1.0,1.0,1,24.0,85.0,82.0,1238.0,
nextcloud/news-android,,0,,,0,12.0,16.0,242.0,3557.0,
nextcloud/talk-android,,1,1.0,1.0,1,38.0,56.0,123.0,1606.0,
nifty-gui/nifty-gui,,1,,,0,9.0,27.0,172.0,7143.0,
nightscout/androidaps,,0,0.0,0.0,1,2.0,16.0,342.0,40966.0,
nightscoutfoundation/xdrip,,0,1.0,1.0,1,153.0,138.0,84.0,13658.0,
nitorcreations/nflow,,0,1.0,1.0,1,24.0,40.0,183.0,6321.0,
nitrite/nitrite-java,,0,1.0,1.0,1,4.0,6.0,93.0,141415.0,
nlpchina/elasticsearch-sql,1.0,0,1.0,1.0,1,9.0,14.0,98.0,20828.0,0.0
nordic-institute/x-road,,1,,,0,33.0,3.0,412.0,176012.0,
novoda/spikes,,1,,,0,83.0,6.0,611.0,277579.0,
numenta/htm.java,0.0,0,,,0,33.0,80.0,175.0,23383.0,
nutzam/nutz,0.0,0,0.0,0.0,1,3.0,18.0,86.0,2793.0,
nuxeo/nuxeo,0.0,1,,,0,45.0,28.0,81.0,2087.0,
nyrds/remixed-dungeon,,0,,,0,,,,,
oblac/jodd,1.0,1,,,0,5.0,32.0,31.0,288410.0,43.53
ocetnik/react-native-background-timer,,0,1.0,1.0,1,0.0,0.0,53.0,10137.0,
odpi/egeria,1.0,1,0.0,0.0,1,11.0,0.0,1168.0,385260.0,10.5
okta/okta-spring-boot,1.0,0,1.0,1.0,1,28.0,5.0,53.0,328.0,59.78
oltpbenchmark/oltpbench,1.0,0,,,0,195.0,13.0,1644.0,16950355.0,
ome/bioformats,1.0,1,0.0,1.0,1,5.0,57.0,71.0,2421.0,
ome/openmicroscopy,,1,,,0,21.0,26.0,32.0,1970.0,
onebusaway/onebusaway-android,,0,,,0,9.0,26.0,154.0,6036.0,
oneops/oneops,0.0,0,,,0,9.0,5.0,155.0,70493.0,
onesignal/onesignal-android-sdk,,0,,,0,42.0,4.0,63.0,2778.0,
onesignal/react-native-onesignal,,0,,,0,24.0,1.0,68.0,5557.0,
ontodev/robot,,0,1.0,1.0,1,48.0,50.0,83.0,26726.0,
ooni/probe-android,,0,1.0,0.0,1,28.0,15.0,294.0,27859.0,
opacapp/opacclient,,0,,,0,2.0,1.0,99.0,15685.0,
open-keychain/open-keychain,,1,1.0,1.0,1,10.0,41.0,542.0,13261.0,
open-metadata/openmetadata,1.0,1,1.0,1.0,1,,,,,20.0
open-osrs/runelite,1.0,1,1.0,1.0,1,11.0,6.0,634.0,141932.0,
open-rsc/core-framework,,1,,,0,18.0,16.0,655.0,19249.0,
open-telemetry/opentelemetry-java,1.0,1,1.0,1.0,1,152.0,33.0,301.0,52913.0,
open-telemetry/opentelemetry-java-instrumentation,0.0,1,1.0,1.0,1,78.0,34.0,140.0,68231.0,
openapitools/openapi-generator,,1,1.0,1.0,1,14.0,64.0,928.0,83435.0,
opencast/opencast,1.0,1,1.0,1.0,1,25.0,42.0,242.0,15384.0,
opencb/opencga,0.0,1,0.0,0.0,1,0.0,0.0,57.0,300835.0,
openclinica/openclinica,0.0,0,,,0,17.0,28.0,38.0,2203.0,
opencubicchunks/cubicchunks,0.0,0,1.0,1.0,1,10.0,7.0,128.0,7506.0,
openems/openems,1.0,1,1.0,1.0,1,44.0,13.0,145.0,278539.0,
openfeign/feign,1.0,1,1.0,1.0,1,32.0,29.0,67.0,25815.0,
opengamma/strata,1.0,0,1.0,1.0,1,63.0,1.0,148.0,22867.0,
openhab/openhab-addons,1.0,1,1.0,1.0,1,27.0,31.0,88.0,56449.0,5.56
openhab/openhab-core,1.0,1,1.0,1.0,1,66.0,74.0,127.0,5148.0,22.84
openhab/org.openhab.binding.zwave,0.0,1,,,0,1.0,4.0,102.0,17824.0,
openhft/chronicle-queue,1.0,0,0.0,0.0,1,18.0,0.0,51.0,1251.0,63.42
openid/appauth-android,,1,1.0,1.0,1,14.0,64.0,207.0,7063.0,
openjdk/jdk,,1,,,0,,,,,
openjdk/jdk17,,1,,,0,,,,,
openjdk/jmc,0.0,1,,,0,,,,,
openjdk/panama-foreign,,1,,,0,,,,,
openjdk/skara,0.0,0,,,0,,,,,
openjdk/valhalla,,1,,,0,,,,,
openliberty/open-liberty,,1,,,0,51.0,264.0,345.0,9015.0,
openlineage/openlineage,,0,1.0,0.0,1,92.0,26.0,293.0,161520.0,
openmf/android-client,,1,1.0,1.0,1,17.0,5.0,512.0,84963.0,
openmrs/openmrs-contrib-android-client,,0,1.0,1.0,1,25.0,21.0,37.0,1147.0,
openmrs/openmrs-core,1.0,1,1.0,1.0,1,27.0,20.0,43.0,574.0,7.14
opennms/opennms,0.0,1,1.0,0.0,1,83.0,52.0,279.0,20761.0,
openpnp/openpnp,1.0,0,,,0,0.0,70.0,94.0,95767.0,
openrefine/openrefine,0.0,0,,,0,17.0,4.0,27.0,35085.0,
openrewrite/rewrite,1.0,1,1.0,0.0,1,5.0,23.0,116.0,11889.0,
openrocket/openrocket,,0,1.0,1.0,1,11.0,132.0,161.0,6774.0,
opensearch-project/opensearch,0.0,0,,,0,108.0,403.0,71.0,7964.0,
opentok/opentok-android-sdk-samples,,0,,,0,18.0,10.0,1153.0,17755.0,
opentok/opentok-react-native,,0,1.0,1.0,1,37.0,6.0,58.0,61313.0,
opentracksapp/opentracks,,0,1.0,1.0,1,7.0,33.0,187.0,4679.0,
opentripplanner/opentripplanner,1.0,0,1.0,1.0,1,78.0,30.0,360.0,39123.0,
opentsdb/opentsdb,0.0,0,,1.0,1,25.0,0.0,185.0,24248.0,
openzipkin/brave,1.0,0,,,0,42.0,35.0,281.0,7910.0,
openzipkin/zipkin,1.0,0,,,0,11.0,14.0,221.0,3711.0,
ops4j/org.ops4j.pax.web,1.0,0,,,0,4.0,7.0,54.0,549.0,
optimatika/ojalgo,1.0,1,1.0,1.0,1,0.0,3.0,279.0,12596.0,50.56
oracle/graal,,1,0.0,0.0,1,163.0,37.0,176.0,7264.0,
oracle/helidon,,1,,1.0,1,46.0,2.0,170.0,278039.0,
oracle/oci-java-sdk,0.0,0,,,0,21.0,0.0,18438.0,504562.0,
oracle/opengrok,0.0,1,,,0,15.0,22.0,216.0,2611.0,
oracle/weblogic-kubernetes-operator,0.0,1,,,0,80.0,13.0,218.0,69983.0,
orbisgis/h2gis,1.0,0,1.0,1.0,1,2.0,2.0,198.0,13611.0,54.38
orcid/orcid-source,1.0,1,,,0,3.0,16.0,42.0,35411.0,
orientechnologies/orientdb,1.0,0,1.0,0.0,1,14.0,18.0,1007.0,269573.0,39.76
orienteerbap/orienteer,1.0,0,1.0,1.0,1,4.0,0.0,164.0,5550.0,23.9
oshi/oshi,1.0,1,1.0,1.0,1,9.0,52.0,42.0,1675.0,
osmandapp/osmand,,0,,,0,0.0,0.0,345.0,106684.0,
osmdroid/osmdroid,,1,,,0,28.0,29.0,51.0,7900.0,
osmlab/atlas,1.0,1,1.0,1.0,1,35.0,40.0,174.0,203771.0,
otto-de/edison-microservice,0.0,0,1.0,1.0,1,0.0,7.0,20.0,44.0,
owncloud/android-library,,0,,1.0,1,22.0,4.0,66.0,1519.0,
ows-ali/hacktoberfest,,0,,,0,,,,,
pac4j/pac4j,1.0,1,1.0,1.0,1,0.0,3.0,23.0,150.0,48.89
pac4j/play-pac4j,1.0,1,1.0,1.0,1,0.0,1.0,20.0,43.0,
palantir/atlasdb,1.0,1,1.0,1.0,1,33.0,16.0,715.0,19817.0,19.23
palantir/conjure,1.0,1,1.0,1.0,1,1.0,0.0,35.0,117.0,
palantir/docker-compose-rule,1.0,1,1.0,1.0,1,2.0,2.0,30.0,127.0,61.54
palantir/gradle-baseline,1.0,1,,0.0,1,13.0,17.0,51.0,2274.0,
palantir/gradle-git-version,1.0,1,,1.0,1,1.0,2.0,24.0,118.0,33.96
palantir/gradle-graal,1.0,1,,0.0,1,3.0,13.0,29.0,180.0,23.21
panda-lang/panda,1.0,0,1.0,1.0,1,7.0,0.0,193.0,2279.0,41.5
papermc/paper,0.0,0,1.0,1.0,1,66.0,59.0,139.0,1308.0,
parse-community/parse-sdk-android,,0,,,0,58.0,81.0,386.0,141699.0,
patzly/grocy-android,,0,,,0,0.0,1.0,20.0,444.0,
paulcwarren/spring-content,0.0,1,1.0,1.0,1,0.0,20.0,29.0,58.0,
payara/payara,0.0,0,,,0,29.0,32.0,959.0,43287.0,
pcgen/pcgen,0.0,1,1.0,1.0,1,1.0,8.0,142.0,58570.0,
pentaho/big-data-plugin,1.0,0,,,0,10.0,33.0,38.0,886.0,
pentaho/mondrian,1.0,0,,,0,29.0,76.0,83.0,35193.0,
pentaho/pentaho-kettle,1.0,0,,,0,19.0,37.0,78.0,4813.0,
pentaho/pentaho-platform,1.0,0,,,0,18.0,47.0,113.0,4959.0,
pentaho/pentaho-reporting,1.0,0,,,0,13.0,34.0,54.0,1527.0,
perfectsense/brightspot-cms,0.0,0,1.0,1.0,1,17.0,1.0,384.0,308272.0,
permissions-dispatcher/permissionsdispatcher,,0,,,0,8.0,8.0,119.0,4846.0,
perwendel/spark,1.0,0,,,0,5.0,18.0,46.0,702.0,61.86
pgjdbc/pgjdbc,1.0,1,,,0,22.0,24.0,101.0,69621.0,
pgmdev/pgm,1.0,0,,,0,51.0,24.0,43.0,2911.0,9.54
philjay/mpandroidchart,,0,,,0,,,,,
phoenicisorg/phoenicis,0.0,0,1.0,0.0,1,18.0,5.0,31.0,96.0,
pingcap/tispark,0.0,0,,,0,7.0,27.0,79.0,4182.0,
pinpoint-apm/pinpoint,0.0,1,1.0,0.0,1,1.0,13.0,732.0,10484.0,
pinterest/secor,1.0,0,,,0,0.0,0.0,20.0,48.0,23.16
pippo-java/pippo,1.0,0,,,0,7.0,45.0,29.0,908.0,27.94
placeholderapi/placeholderapi,0.0,0,,,0,25.0,10.0,68.0,13343.0,
plan-player-analytics/plan,,1,1.0,1.0,1,16.0,3.0,132.0,10623.0,
playtika/testcontainers-spring-boot,1.0,0,1.0,1.0,1,75.0,34.0,197.0,5938.0,
pmd/pmd,1.0,1,1.0,1.0,1,21.0,44.0,156.0,35373.0,43.0
pockethub/pockethub,,1,,,0,11.0,7.0,188.0,2372.0,
polidea/rxandroidble,,1,1.0,1.0,1,29.0,40.0,90.0,11684.0,
pravega/pravega,1.0,1,1.0,1.0,1,119.0,38.0,340.0,81148.0,
prestodb/presto,0.0,1,,,0,125.0,48.0,129.0,2913.0,
primefaces/primefaces,1.0,1,1.0,0.0,1,26.0,40.0,90.0,5148.0,6.9
processing/processing,,0,,,0,0.0,58.0,42.0,3630.0,
project-books/book-project,,1,,,0,72.0,85.0,206.0,6202927.0,
project-travel-mate/travel-mate,,1,,,0,41.0,14.0,45.0,2073.0,
projectlombok/lombok,,0,,,0,5.0,9.0,134.0,2577.0,
projectnessie/nessie,,1,,,0,65.0,44.0,99.0,6873.0,
prolificinteractive/material-calendarview,,0,1.0,1.0,1,19.0,7.0,322.0,38902.0,
prometheus/client_java,1.0,0,1.0,1.0,1,110.0,51.0,152.0,6635.0,
prometheus/jmx_exporter,1.0,0,,,0,35.0,44.0,32.0,1480.0,81.53
protocolsupport/protocolsupport,0.0,0,,,0,30.0,45.0,1264.0,2482072.0,
psi-probe/psi-probe,1.0,0,1.0,0.0,1,0.0,20.0,23.0,46.0,
pspdfkit/react-native,,0,,,0,30.0,3.0,124.0,1957.0,
pwm-project/pwm,1.0,1,1.0,1.0,1,0.0,7.0,46.0,148502.0,8.24
pxlsspace/pxls,0.0,0,1.0,1.0,1,5.0,4.0,92.0,47933.0,
pytorch/serve,,1,0.0,0.0,1,79.0,111.0,119.0,29985.0,
pyvesb/advanced-achievements,1.0,0,1.0,1.0,1,22.0,16.0,26.0,249.0,
qiniu/android-sdk,,0,,,0,42.0,13.0,502.0,58523.0,
qiniu/java-sdk,1.0,1,1.0,1.0,1,47.0,11.0,155.0,28921.0,18.84
qos-ch/logback,1.0,0,,,0,,,,,58.45
qos-ch/slf4j,1.0,0,,,0,9.0,44.0,37.0,2385.0,40.0
quantumbadger/redreader,,1,,1.0,1,0.0,47.0,87.0,12372.0,
quarkusio/quarkus,,0,0.0,0.0,1,56.0,38.0,101.0,3065.0,
quarkusio/quarkus-quickstarts,1.0,0,,,0,53.0,24.0,213.0,73529.0,0.97
quartz-scheduler/quartz,0.0,1,1.0,1.0,1,3.0,21.0,35.0,607.0,
querydsl/querydsl,1.0,0,1.0,1.0,1,1.0,4.0,62.0,200.0,59.26
questdb/questdb,1.0,0,1.0,1.0,1,43.0,16.0,498.0,196229.0,
quickfix-j/quickfixj,0.0,0,1.0,1.0,1,15.0,36.0,51.0,4789.0,
quran/quran_android,,0,1.0,1.0,1,36.0,25.0,132.0,6357.0,
qzind/tray,,0,,,0,12.0,15.0,74.0,8667.0,
rabbitmq/rabbitmq-java-client,0.0,0,1.0,1.0,1,37.0,57.0,66.0,15195.0,
rabbitmq/rabbitmq-tutorials,,0,,,0,22.0,40.0,202.0,12518.0,
rackerlabs/blueflood,0.0,0,,,0,117.0,34.0,150.0,30195.0,
radargun/radargun,0.0,1,1.0,1.0,1,16.0,11.0,91.0,2113.0,
railcraft/railcraft,0.0,0,,,0,32.0,22.0,83.0,1909.0,
rajawali/rajawali,,0,0.0,0.0,1,6.0,1.0,46.0,1952.0,
randoop/randoop,1.0,0,1.0,1.0,1,2.0,2.0,36.0,1230.0,
ratpack/ratpack,,1,1.0,0.0,1,47.0,14.0,707.0,13315.0,
react-native-camera/react-native-camera,,0,,,0,22.0,59.0,58.0,13945.0,
react-native-google-signin/google-signin,,0,1.0,1.0,1,15.0,16.0,35.0,716.0,
react-native-image-picker/react-native-image-picker,,0,,1.0,1,65.0,93.0,67.0,3495.0,
react-native-share/react-native-share,,0,,1.0,1,25.0,34.0,44.0,18298.0,
react-native-svg/react-native-svg,,0,,,0,23.0,41.0,169.0,1079.0,
react-native-video/react-native-video,,0,,,0,19.0,92.0,92.0,5198.0,
react-native-webrtc/react-native-webrtc,,0,,,0,13.0,6.0,45.0,1316.0,
reactiverse/es4x,1.0,0,1.0,1.0,1,0.0,0.0,28.0,192.0,14.64
reactivex/rxandroid,,0,0.0,0.0,1,15.0,25.0,57.0,474.0,
reactivex/rxjava,1.0,1,1.0,1.0,1,7.0,28.0,79.0,4526.0,
reactor/reactor-core,1.0,0,,,0,73.0,56.0,2627.0,21194.0,81.81
reactor/reactor-netty,1.0,1,,,0,12.0,19.0,427.0,1318.0,62.2
real-logic/aeron,0.0,1,1.0,1.0,1,9.0,16.0,258.0,12355.0,
real-logic/simple-binary-encoding,0.0,1,,,0,7.0,57.0,82.0,44833.0,
realm/realm-java,,1,0.0,0.0,1,34.0,2.0,109.0,2943.0,
recihub/funnyalgorithms,,0,,,0,19.0,1.0,22.0,2739.0,
redis/jedis,1.0,0,1.0,1.0,1,50.0,4.0,117.0,3175.0,16.01
redisson/redisson,1.0,1,1.0,1.0,1,28.0,29.0,28.0,1207.0,
redouane59/twittered,1.0,0,1.0,1.0,1,0.0,36.0,125.0,65629.0,22.75
refinedmods/refinedstorage,1.0,0,,,0,7.0,61.0,48.0,3236.0,0.25
remkop/picocli,0.0,1,1.0,1.0,1,13.0,48.0,66.0,6327.0,
reposense/reposense,1.0,1,1.0,0.0,1,123.0,163.0,270.0,40649.0,
resilience4j/resilience4j,1.0,0,1.0,1.0,1,16.0,29.0,126.0,3516.0,75.66
rest-assured/rest-assured,1.0,0,,,0,0.0,12.0,47.0,683.0,
resteasy/resteasy,0.0,0,0.0,0.0,1,27.0,10.0,431.0,17671.0,
resurrectionremix/android_frameworks_base,,0,,,0,3.0,8.0,86.0,6259.0,
resurrectionremix/resurrection_packages_apps_settings,,0,,,0,1.0,7.0,42.0,578.0,
returntocorp/semgrep,,0,1.0,0.0,1,29.0,31.0,128.0,5009.0,
returntocorp/semgrep-rules,,0,,,0,26.0,33.0,157.0,27547.0,
revelc/formatter-maven-plugin,1.0,0,1.0,1.0,1,5.0,2.0,23.0,115.0,31.48
rickfast/consul-client,1.0,0,1.0,1.0,1,4.0,7.0,90.0,3207.0,39.63
ripe-ncc/whois,1.0,0,,0.0,1,27.0,5.0,74.0,4108.0,
ripmeapp/ripme,0.0,0,0.0,0.0,1,0.0,24.0,60.0,2215.0,
roaringbitmap/roaringbitmap,1.0,0,1.0,1.0,1,58.0,76.0,126.0,25789.0,
robolectric/robolectric,,0,1.0,1.0,1,0.0,2.0,52.0,1886.0,
rovo89/xposedinstaller,,0,,,0,,,,,
rptools/maptool,0.0,0,,,0,23.0,2.0,50.0,3566.0,
rsksmart/rskj,0.0,0,1.0,0.0,1,109.0,84.0,128.0,11471.0,
rsocket/rsocket-java,1.0,0,1.0,1.0,1,31.0,28.0,170.0,9517.0,
rstudio/rstudio,,0,,1.0,1,15.0,5.0,103.0,9731.0,
rubenlagus/telegrambots,1.0,0,1.0,1.0,1,5.0,15.0,292.0,67124.0,3.93
runelite/plugin-hub,,0,1.0,1.0,1,1.0,20.0,20.0,662.0,
runelite/runelite,1.0,1,1.0,1.0,1,6.0,5.0,30.0,2252.0,
rws/odata,0.0,1,0.0,0.0,1,21.0,4.0,38.0,2555.0,
rwth-i5-idsg/steve,0.0,1,1.0,1.0,1,0.0,0.0,20.0,40.0,
sakaiproject/sakai,0.0,1,,,0,37.0,11.0,305.0,25493.0,
salesforce/dockerfile-image-update,,0,1.0,1.0,1,27.0,41.0,25.0,479.0,
samourai-wallet/samourai-wallet-android,,0,0.0,0.0,1,1.0,8.0,289.0,547873.0,
samtools/htsjdk,1.0,1,1.0,1.0,1,147.0,50.0,223.0,32577.0,67.32
sap/sapmachine,,1,,,0,44.0,13.0,2220.0,140165.0,
scacap/spring-auto-restdocs,,0,1.0,1.0,1,36.0,17.0,354.0,6378.0,
scada-lts/scada-lts,0.0,0,1.0,1.0,1,16.0,1.0,315.0,182359.0,
scalar-labs/scalardb,0.0,0,1.0,1.0,1,82.0,6.0,185.0,5966.0,
scalecube/scalecube-cluster,1.0,0,,,0,7.0,2.0,212.0,16003.0,
scalecube/scalecube-services,1.0,0,,,0,2.0,0.0,387.0,11938.0,
scoute-dich/browser,,0,,,0,0.0,18.0,202.0,13212.0,
scouter-project/scouter,0.0,0,,,0,0.0,1.0,325.0,25459.0,
scribejava/scribejava,1.0,1,,,0,20.0,60.0,99.0,3167.0,
searls/jasmine-maven-plugin,1.0,0,1.0,1.0,1,0.0,1.0,20.0,58.0,34.35
seata/seata,1.0,1,1.0,1.0,1,73.0,46.0,176.0,46973.0,
seata/seata-samples,0.0,0,,,0,21.0,3.0,140.0,46532.0,
segler-alex/radiodroid,,0,,,0,5.0,12.0,56.0,1698.0,
segmentio/analytics-android,,0,1.0,1.0,1,33.0,1.0,105.0,3847.0,
selenide/selenide,1.0,1,,,0,45.0,17.0,136.0,4712.0,
seleniumhq/selenium,,1,1.0,0.0,1,20.0,33.0,64.0,229449.0,
sendgrid/sendgrid-java,1.0,0,1.0,1.0,1,36.0,6.0,72.0,16825.0,10.07
senx/warp10-platform,0.0,0,1.0,1.0,1,43.0,5.0,114.0,13825.0,
sevntu-checkstyle/sevntu.checkstyle,0.0,1,0.0,0.0,1,44.0,40.0,89.0,1999.0,
shedaniel/roughlyenoughitems,0.0,0,1.0,1.0,1,0.0,2.0,74.0,1877.0,
shifuml/shifu,0.0,0,0.0,0.0,1,19.0,0.0,205.0,113071.0,
shopify/mobile-buy-sdk-android,,1,,,0,24.0,0.0,48.0,27678.0,
shopizer-ecommerce/shopizer,1.0,0,1.0,1.0,1,10.0,25.0,5412.0,212327.0,
siddhi-io/siddhi,0.0,1,1.0,1.0,1,40.0,1.0,145.0,14402.0,
signalapp/signal-android,,0,1.0,1.0,1,,,,,
sirixdb/sirix,0.0,0,1.0,1.0,1,1.0,6.0,52.0,1093.0,
sketchware-pro/sketchware-pro,,0,,,0,6.0,21.0,49.0,129639.0,
skinsrestorer/skinsrestorerx,1.0,0,1.0,1.0,1,4.0,3.0,110.0,4628.0,
skriptlang/skript,0.0,0,0.0,0.0,1,80.0,36.0,53.0,97119.0,
sky-map-team/stardroid,,0,1.0,1.0,1,6.0,11.0,107.0,1864.0,
skylot/jadx,1.0,1,1.0,1.0,1,39.0,81.0,262.0,46505.0,54.36
skytubeteam/skytube,,0,1.0,1.0,1,0.0,6.0,262.0,10153.0,
slackapi/java-slack-sdk,,0,1.0,1.0,1,12.0,27.0,220.0,3812.0,
slapperwan/gh4a,,0,,,0,58.0,100.0,531.0,53727.0,
sleepytrousers/enderio,0.0,0,0.0,0.0,1,5.0,15.0,162.0,125486.0,
sleuthkit/autopsy,,0,0.0,0.0,1,23.0,1.0,85.0,39919.0,
slimefun/slimefun4,1.0,0,1.0,1.0,1,60.0,25.0,36.0,1087.0,20.24
slimeknights/tinkersconstruct,1.0,0,,1.0,1,75.0,87.0,2436.0,452031.0,3.61
sloeber/arduino-eclipse-plugin,1.0,0,1.0,1.0,1,19.0,29.0,116.0,17096.0,
smallrye/smallrye-mutiny,1.0,0,1.0,1.0,1,20.0,38.0,40.0,386.0,
smallrye/smallrye-reactive-messaging,1.0,0,1.0,1.0,1,101.0,28.0,117.0,9052.0,
smartdevicelink/sdl_java_suite,,0,,,0,39.0,26.0,95.0,30737.0,
smartreceipts/smartreceiptslibrary,,0,0.0,0.0,1,13.0,13.0,373.0,334627.0,
smooks/smooks,0.0,0,1.0,1.0,1,5.0,1.0,364.0,31369.0,
snailclimb/javaguide,,0,,,0,7.0,4.0,21.0,471.0,
snowflakedb/snowflake-jdbc,1.0,0,1.0,1.0,1,45.0,6.0,75.0,3378.0,21.48
sofastack/sofa-boot,,0,1.0,0.0,1,47.0,30.0,332.0,3804.0,
sofastack/sofa-jraft,1.0,0,,,0,43.0,22.0,48.0,1912.0,
sofastack/sofa-rpc,0.0,0,1.0,1.0,1,68.0,76.0,63.0,1352.0,
sofastack/sofa-tracer,0.0,0,1.0,0.0,1,31.0,16.0,335.0,71431.0,
sonaropencommunity/sonar-cxx,1.0,1,1.0,1.0,1,0.0,1.0,59.0,46465.0,74.37
sonarsource/sonar-java,0.0,1,1.0,1.0,1,24.0,21.0,167.0,9853.0,
sonarsource/sonar-php,1.0,0,1.0,1.0,1,37.0,21.0,325.0,7119.0,92.74
sonarsource/sonar-python,0.0,0,1.0,1.0,1,63.0,20.0,365.0,48305.0,
sonarsource/sonar-scanner-jenkins,1.0,0,1.0,1.0,1,26.0,58.0,152.0,2688.0,63.39
sonarsource/sonarlint-core,1.0,1,0.0,0.0,1,35.0,23.0,203.0,7063.0,
sonarsource/sonarlint-eclipse,1.0,1,1.0,1.0,1,36.0,22.0,209.0,1272.0,
sonarsource/sonarlint-intellij,1.0,0,1.0,1.0,1,33.0,24.0,307.0,5731.0,
sonarsource/sonarqube,0.0,1,1.0,1.0,1,12.0,4.0,215.0,3816.0,
soot-oss/soot,1.0,1,1.0,1.0,1,5.0,2.0,46.0,10506.0,10.12
spigotmc/bungeecord,1.0,1,,,0,,,,,13.81
spinnaker/halyard,1.0,0,1.0,1.0,1,18.0,10.0,39.0,7747.0,
spinnaker/kayenta,1.0,0,1.0,1.0,1,11.0,3.0,47.0,759.0,
spockframework/spock,1.0,0,1.0,1.0,1,44.0,31.0,113.0,5678.0,
spongepowered/sponge,0.0,1,1.0,1.0,1,56.0,20.0,540.0,26396.0,
spongepowered/spongeapi,1.0,1,1.0,1.0,1,47.0,9.0,203.0,6598.0,
spongepowered/spongeforge,0.0,0,1.0,1.0,1,7.0,6.0,178.0,6281.0,
spotbugs/spotbugs,1.0,1,1.0,1.0,1,42.0,19.0,55.0,3045.0,60.82
spotify/apollo,1.0,0,,1.0,1,42.0,24.0,47.0,1178.0,
spotify/dbeam,1.0,1,,,0,1.0,21.0,22.0,206.0,61.27
spotify/docker-client,1.0,0,,,0,26.0,44.0,46.0,2740.0,13.61
spotify/helios,0.0,0,0.0,0.0,1,20.0,26.0,31.0,364.0,
spotify/styx,1.0,1,,1.0,1,45.0,20.0,82.0,2975.0,34.62
spotify/zoltar,1.0,1,1.0,1.0,1,2.0,18.0,28.0,251.0,
spring-cloud-samples/spring-cloud-contract-samples,0.0,0,0.0,0.0,1,0.0,1.0,507.0,7937.0,
spring-cloud/spring-cloud-aws,1.0,0,1.0,1.0,1,22.0,6.0,56.0,20890.0,
spring-cloud/spring-cloud-commons,1.0,1,1.0,1.0,1,35.0,15.0,157.0,2866.0,63.89
spring-cloud/spring-cloud-config,1.0,1,1.0,1.0,1,26.0,41.0,75.0,2288.0,72.82
spring-cloud/spring-cloud-consul,1.0,1,1.0,1.0,1,62.0,17.0,167.0,4655.0,22.96
spring-cloud/spring-cloud-contract,,1,,,0,10.0,25.0,90.0,2470.0,
spring-cloud/spring-cloud-dataflow,0.0,0,1.0,1.0,1,6.0,32.0,131.0,2887.0,
spring-cloud/spring-cloud-deployer-kubernetes,0.0,0,0.0,0.0,1,8.0,25.0,68.0,5736.0,
spring-cloud/spring-cloud-function,,1,,,0,1.0,18.0,85.0,1422.0,
spring-cloud/spring-cloud-gateway,0.0,1,,,0,7.0,41.0,71.0,3539.0,
spring-cloud/spring-cloud-kubernetes,0.0,1,1.0,1.0,1,67.0,33.0,103.0,2526.0,
spring-cloud/spring-cloud-netflix,1.0,1,1.0,0.0,1,18.0,35.0,121.0,2129.0,32.77
spring-cloud/spring-cloud-skipper,0.0,0,0.0,0.0,1,4.0,13.0,74.0,1025.0,
spring-cloud/spring-cloud-sleuth,1.0,1,0.0,0.0,1,44.0,28.0,318.0,63812.0,29.05
spring-cloud/spring-cloud-stream,1.0,0,,,0,3.0,11.0,35.0,609.0,60.04
spring-cloud/spring-cloud-stream-binder-kafka,1.0,0,,,0,16.0,13.0,86.0,2605.0,65.08
spring-cloud/spring-cloud-task,0.0,0,,,0,0.0,18.0,128.0,1785.0,
spring-cloud/spring-cloud-vault,1.0,1,1.0,1.0,1,,,,,41.84
spring-io/initializr,,1,1.0,1.0,1,,,,,
spring-io/start.spring.io,1.0,0,,,0,,,,,
spring-projects-experimental/spring-native,,0,,,0,12.0,12.0,89.0,2341.0,
spring-projects/spring-amqp,1.0,1,,,0,45.0,13.0,86.0,3641.0,
spring-projects/spring-batch,0.0,0,,,0,,,,,
spring-projects/spring-boot,1.0,1,1.0,1.0,1,,,,,
spring-projects/spring-data-commons,0.0,0,,1.0,1,,,,,
spring-projects/spring-data-couchbase,1.0,0,,1.0,1,52.0,4.0,274.0,17388.0,25.73
spring-projects/spring-data-elasticsearch,1.0,0,0.0,0.0,1,13.0,6.0,102.0,6479.0,48.18
spring-projects/spring-data-jdbc,1.0,0,,1.0,1,,,,,67.38
spring-projects/spring-data-jpa,1.0,0,,1.0,1,,,,,
spring-projects/spring-data-mongodb,1.0,0,,1.0,1,,,,,
spring-projects/spring-data-neo4j,1.0,1,,1.0,1,6.0,7.0,357.0,5352.0,33.12
spring-projects/spring-data-redis,1.0,0,,1.0,1,,,,,
spring-projects/spring-data-rest,1.0,0,,1.0,1,1.0,1.0,7440.0,14912.0,45.22
spring-projects/spring-framework,0.0,1,0.0,0.0,1,0.0,24.0,23.0,108.0,
spring-projects/spring-hateoas,1.0,0,,1.0,1,5.0,7.0,395.0,4197.0,62.84
spring-projects/spring-integration,1.0,1,,,0,16.0,21.0,111.0,1579.0,
spring-projects/spring-integration-samples,1.0,0,,,0,3.0,8.0,2241.0,7985.0,
spring-projects/spring-kafka,1.0,1,,,0,16.0,19.0,116.0,5042.0,
spring-projects/spring-petclinic,1.0,1,1.0,1.0,1,,,,,75.0
spring-projects/spring-security,0.0,1,1.0,0.0,1,46.0,35.0,115.0,4545.0,
spring-projects/spring-security-oauth,0.0,1,,,0,,,,,
spring-projects/spring-session,1.0,1,1.0,1.0,1,13.0,56.0,64.0,2418.0,
spring-projects/spring-social,0.0,0,1.0,1.0,1,0.0,0.0,337.0,2890.0,
spring-projects/spring-statemachine,1.0,0,0.0,0.0,1,4.0,14.0,114.0,4503.0,41.6
springfox/springfox,1.0,1,,1.0,1,,,,,0.2
sqlancer/sqlancer,1.0,1,,,0,1.0,9.0,66.0,314.0,
square/dagger,,1,0.0,0.0,1,0.0,16.0,106.0,4099.0,
square/javapoet,0.0,1,,,0,50.0,16.0,41.0,1266.0,
square/keywhiz,0.0,1,1.0,1.0,1,51.0,18.0,84.0,1456.0,
square/moshi,1.0,0,,,0,32.0,14.0,45.0,1398.0,
square/picasso,,1,,,0,39.0,12.0,192.0,6082.0,
square/retrofit,,0,,,0,9.0,41.0,53.0,1185.0,
square/subzero,,0,,,0,20.0,0.0,34.0,341.0,
squiddev-cc/cc-tweaked,0.0,1,1.0,1.0,1,25.0,61.0,67.0,8394.0,
stanfordnlp/corenlp,0.0,0,,,0,0.0,5.0,288.0,51447.0,
stapler/stapler,1.0,1,1.0,1.0,1,32.0,25.0,77.0,3710.0,
stargate/stargate,0.0,0,1.0,1.0,1,146.0,24.0,173.0,13675.0,
stefan-niedermann/nextcloud-deck,,0,,,0,0.0,0.0,44.0,1024.0,
stefan-niedermann/nextcloud-notes,,0,,,0,6.0,3.0,73.0,1420.0,
stleary/json-java,0.0,0,,,0,21.0,84.0,60.0,3420.0,
streamnative/kop,1.0,1,1.0,1.0,1,24.0,23.0,91.0,4554.0,
streamnative/pulsar-flink,1.0,1,,,0,46.0,20.0,106.0,2796.0,24.83
streamxhub/streamx,0.0,0,,,0,5.0,6.0,365.0,48214.0,
strimzi/strimzi-kafka-bridge,1.0,1,1.0,1.0,1,52.0,14.0,52.0,1144.0,10.44
strimzi/strimzi-kafka-operator,1.0,1,1.0,1.0,1,61.0,109.0,160.0,7239.0,
stripe/stripe-java,1.0,0,,,0,25.0,3.0,154.0,18965.0,0.9
sukritishah15/ds-algo-point,,0,,,0,10.0,18.0,42.0,78235.0,
swagger-api/swagger-core,,0,1.0,1.0,1,2.0,0.0,196.0,987.0,
swagger-api/swagger-inflector,1.0,0,,,0,10.0,1.0,52.0,2308.0,46.23
swagger-api/swagger-parser,1.0,0,1.0,1.0,1,4.0,5.0,71.0,2382.0,
swati4star/images-to-pdf,,1,,,0,64.0,101.0,313.0,21231.0,
swisscovid/swisscovid-app-android,,0,1.0,1.0,1,23.0,21.0,445.0,117904.0,
syncthing/syncthing-android,,0,1.0,1.0,1,23.0,32.0,57.0,1001.0,
syndesisio/syndesis,,1,,,0,14.0,32.0,616.0,46674.0,
synthetichealth/synthea,1.0,1,,,0,29.0,32.0,152.0,23474.0,76.25
synyx/urlaubsverwaltung,1.0,0,1.0,1.0,1,25.0,21.0,175.0,11038.0,8.7
t-oster/visicut,0.0,0,1.0,1.0,1,2.0,17.0,101.0,1401.0,
ta4j/ta4j,1.0,0,,,0,19.0,19.0,198.0,5512.0,80.92
tada/pljava,0.0,0,1.0,1.0,1,0.0,1.0,135.0,14351.0,
talend/tdi-studio-se,0.0,1,,,0,20.0,1.0,108.0,17803.0,
talend/tesb-rt-se,0.0,0,,1.0,1,28.0,0.0,1162.0,57338.0,
tarunsinghofficial/hacktoberfest,,0,,,0,,,,,
tchiotludo/akhq,1.0,0,,,0,1.0,18.0,55.0,1507.0,
team-rtg/realistic-terrain-generation,0.0,0,,,0,3.0,1.0,514.0,74424.0,
teamamaze/amazefilemanager,,0,0.0,0.0,1,48.0,17.0,674.0,88863.0,
teammates/teammates,1.0,1,1.0,1.0,1,116.0,39.0,714.0,334216.0,
teamnewpipe/newpipe,,1,1.0,1.0,1,45.0,91.0,57.0,1238.0,
teamnewpipe/newpipeextractor,1.0,0,1.0,1.0,1,69.0,52.0,421.0,22525.0,61.82
techempower/frameworkbenchmarks,,0,,,0,14.0,15.0,152.0,178938.0,
techreborn/techreborn,0.0,0,1.0,1.0,1,7.0,20.0,82.0,1043.0,
teiid/teiid,0.0,1,,,0,67.0,60.0,167.0,8016.0,
tensorflow/java,0.0,0,0.0,1.0,1,100.0,112.0,3409.0,593418.0,
termux/termux-app,,0,1.0,1.0,1,21.0,126.0,175.0,32090.0,
terrafirmacraft/terrafirmacraft,0.0,0,,,0,12.0,7.0,3411.0,258261.0,
testcontainers/testcontainers-java,1.0,0,0.0,0.0,1,147.0,48.0,95.0,2076.0,29.65
thargor6/jwildfire,0.0,0,,,0,0.0,4.0,191.0,92036.0,
thaumic-tinkerer/thaumictinkerer,0.0,0,0.0,0.0,1,4.0,2.0,146.0,1164.0,
thealgorithms/java,0.0,0,1.0,1.0,1,23.0,6.0,20.0,1944.0,
thelastpickle/cassandra-reaper,0.0,1,1.0,0.0,1,52.0,39.0,230.0,9929.0,
thelastproject/catima,,1,1.0,1.0,1,7.0,2.0,89.0,8215.0,
thepranaygupta/data-structures-and-algorithms,,0,,,0,,,,,
thingsboard/thingsboard,,0,1.0,1.0,1,1.0,3.0,105.0,3816.0,
tmobile/pacbot,0.0,0,1.0,1.0,1,10.0,16.0,313.0,71418.0,
tmobile/t-vault,1.0,0,,,0,10.0,0.0,114.0,3480.0,0.17
tng/archunit,1.0,1,1.0,1.0,1,30.0,21.0,256.0,6926.0,
tng/jgiven,,1,1.0,1.0,1,70.0,1.0,97.0,2641.0,
togglz/togglz,1.0,0,1.0,1.0,1,3.0,4.0,42.0,1854.0,44.96
tomakehurst/wiremock,0.0,0,1.0,1.0,1,7.0,5.0,768.0,142145.0,
tonihele/openkeeper,1.0,0,1.0,1.0,1,1.0,23.0,328.0,18752.0,
tony-framework/tony,0.0,1,1.0,1.0,1,37.0,20.0,94.0,3277.0,
tootallnate/java-websocket,0.0,1,1.0,1.0,1,15.0,21.0,246.0,40498.0,
townyadvanced/towny,0.0,0,,,0,17.0,12.0,77.0,40609.0,
traccar/traccar,1.0,1,1.0,1.0,1,101.0,73.0,38.0,2085.0,15.48
treasure-data/digdag,0.0,0,1.0,0.0,1,83.0,11.0,535.0,3703.0,
trinodb/trino,0.0,0,,,0,121.0,62.0,131.0,7307.0,
triplea-game/triplea,0.0,1,0.0,0.0,1,0.0,47.0,57.0,659.0,
tronprotocol/java-tron,0.0,1,1.0,1.0,1,25.0,13.0,995.0,307369.0,
tronprotocol/sun-network,,1,0.0,0.0,1,22.0,8.0,5564.0,3855193.0,
tronprotocol/wallet-cli,0.0,0,,,0,9.0,0.0,76.0,23811.0,
tslat/advent-of-ascension,,0,,,0,0.0,0.0,48.0,7345.0,
twilio/twilio-java,1.0,1,,,0,38.0,14.0,92.0,6233.0,
twilio/video-quickstart-android,,0,1.0,1.0,1,29.0,2.0,181.0,9920.0,
twiliodeved/api-snippets,,0,,,0,33.0,8.0,876.0,4513.0,
twitch4j/twitch4j,1.0,0,,,0,17.0,2.0,40.0,261057.0,
twitter4j/twitter4j,0.0,0,,,0,2.0,29.0,97.0,13897.0,
twowaits/sde-interview-questions,,0,,,0,18.0,12.0,20.0,676.0,
typetools/checker-framework,1.0,0,1.0,1.0,1,16.0,3.0,77.0,12384.0,
uber/autodispose,,0,,,0,28.0,9.0,121.0,11466.0,
uber/nullaway,,0,,,0,44.0,53.0,101.0,3547.0,
uber/okbuck,,0,1.0,1.0,1,18.0,4.0,138.0,2061.0,
uber/ribs,,0,,,0,49.0,7.0,461.0,17350.0,
uea-machine-learning/tsml,0.0,0,0.0,0.0,1,7.0,11.0,449.0,429479.0,
umple/umple,0.0,0,0.0,0.0,1,0.0,2.0,161.0,22310.0,
unclebob/fitnesse,0.0,0,,,0,25.0,34.0,260.0,12510.0,
undera/jmeter-plugins,1.0,0,1.0,1.0,1,0.0,26.0,20.0,2332.0,47.97
undertow-io/undertow,1.0,1,,,0,18.0,8.0,67.0,2329.0,
unicode-org/cldr,0.0,0,1.0,1.0,1,31.0,30.0,33.0,308882.0,
univali-lite/portugol-studio,0.0,0,1.0,1.0,1,13.0,36.0,338.0,23242.0,
universalmediaserver/universalmediaserver,0.0,1,,,0,19.0,22.0,51.0,3857.0,
uportal-project/uportal,0.0,0,1.0,1.0,1,13.0,14.0,23.0,500.0,
uriahshaulmandel/baldphone,,0,1.0,1.0,1,,,,,
usc-isi-i2/web-karma,1.0,0,,,0,0.0,6.0,305.0,54665.0,
uwetrottmann/seriesguide,,0,1.0,1.0,1,1.0,11.0,1393.0,110067.0,
uyuni-project/uyuni,,1,,,0,34.0,14.0,73.0,160087.0,
vaadin/flow,,1,,,0,38.0,45.0,76.0,7336.0,
vaadin/framework,0.0,1,,,0,53.0,2.0,260.0,7197.0,
vaadin/platform,,0,,,0,22.0,4.0,23.0,328.0,
vaadin/spring,1.0,0,,,0,43.0,30.0,106.0,50139.0,44.03
validator/validator,,0,1.0,1.0,1,32.0,21.0,80.0,18201.0,
vanniktech/emoji,,1,,,0,23.0,20.0,387.0,137768.0,
vassalengine/vassal,0.0,1,,,0,21.0,5.0,33.0,489.0,
vaticle/typedb,,0,1.0,1.0,1,89.0,5.0,288.0,35298.0,
vavr-io/vavr,1.0,0,1.0,1.0,1,21.0,32.0,368.0,3416.0,92.18
vazkiimods/botania,1.0,0,1.0,1.0,1,12.0,25.0,145.0,8598.0,
vazkiimods/quark,1.0,0,,,0,0.0,6.0,87.0,5621.0,
vazkiismods/botania,1.0,0,1.0,1.0,1,12.0,25.0,145.0,8598.0,
velocitypowered/velocity,1.0,1,1.0,1.0,1,44.0,21.0,124.0,10523.0,
verapdf/verapdf-library,1.0,0,1.0,1.0,1,0.0,20.0,72.0,781.0,
vert-x3/vertx-auth,1.0,0,,,0,0.0,39.0,184.0,20894.0,
vert-x3/vertx-examples,,0,,,0,30.0,23.0,236.0,4584.0,
vert-x3/vertx-web,1.0,0,,,0,17.0,35.0,83.0,4241.0,
vertaai/modeldb,,0,,,0,20.0,1.0,59.0,12100.0,
vespa-engine/sample-apps,0.0,0,1.0,1.0,1,23.0,6.0,61.0,2111.0,
vespa-engine/vespa,,0,1.0,1.0,1,30.0,7.0,137.0,2846.0,
viaversion/viaversion,1.0,0,1.0,1.0,1,22.0,19.0,47.0,800.0,
vijaygupta18/hacktoberfest-2021,,0,,,0,,,,,
vividus-framework/vividus,0.0,0,1.0,0.0,1,50.0,32.0,77.0,2459.0,
vivo-project/vivo,0.0,0,0.0,0.0,1,31.0,9.0,85.0,2470.0,
vmware/differential-datalog,,0,1.0,1.0,1,48.0,35.0,227.0,26404.0,
vojtechhabarta/typescript-generator,,1,1.0,1.0,1,3.0,9.0,24.0,203.0,
voltdb/voltdb,,0,,,0,36.0,4.0,69.0,6766.0,
w3c/epubcheck,1.0,0,1.0,1.0,1,5.0,3.0,194.0,2717.0,
waffle/waffle,1.0,1,0.0,0.0,1,0.0,0.0,36.0,72.0,24.12
wala/wala,1.0,0,,,0,21.0,19.0,564.0,11958.0,
wallabag/android-app,,0,1.0,1.0,1,23.0,27.0,31.0,467.0,
walmartlabs/concord,0.0,1,,,0,41.0,9.0,133.0,3123.0,
watson-developer-cloud/java-sdk,,1,1.0,1.0,1,82.0,31.0,1892.0,215856.0,
wayoftime/bloodmagic,1.0,0,,,0,0.0,5.0,325.0,89070.0,
web3j/web3j,1.0,0,1.0,0.0,1,3.0,5.0,42.0,2595.0,76.76
webankblockchain/wecross,1.0,0,1.0,1.0,1,20.0,18.0,201.0,12739.0,16.87
webankfintech/linkis,0.0,0,,,0,31.0,9.0,1046.0,78761.0,
webankpartners/wecube-platform,1.0,0,1.0,1.0,1,4.0,0.0,240.0,43597.0,0.29
webauthn4j/webauthn4j,1.0,0,1.0,1.0,1,17.0,18.0,162.0,3832.0,57.91
webbukkit/dynmap,0.0,0,,,0,26.0,36.0,253.0,24378.0,
weibocom/motan,1.0,0,,,0,22.0,1.0,110.0,3474.0,46.52
weld/core,1.0,0,,,0,0.0,20.0,502.0,1775.0,
wgzhao/addax,0.0,0,,,0,0.0,0.0,321.0,7385.0,
wicketstuff/core,0.0,1,,,0,9.0,30.0,165.0,2622840.0,
widdix/aws-cf-templates,,0,1.0,1.0,1,12.0,11.0,87.0,2660.0,
wiglenet/wigle-wifi-wardriving,,0,,,0,31.0,8.0,369.0,64187.0,
wikidata/wikidata-toolkit,1.0,0,1.0,1.0,1,24.0,17.0,29.0,300.0,82.02
wildfly/quickstart,1.0,0,,,0,13.0,11.0,88.0,2224.0,0.0
wildfly/wildfly,0.0,1,,,0,44.0,26.0,100.0,19728.0,
wildfly/wildfly-core,0.0,1,,,0,35.0,35.0,74.0,679.0,
winder/universal-g-code-sender,1.0,0,1.0,1.0,1,4.0,18.0,516.0,131989.0,
windup/windup,0.0,0,,,0,10.0,17.0,294.0,9568.0,
wiremock/wiremock,1.0,0,1.0,1.0,1,7.0,5.0,768.0,142145.0,81.33
wmixvideo/nfe,1.0,0,,,0,0.0,2.0,289.0,324868.0,13.96
wocommunity/wonder,0.0,0,,,0,2.0,17.0,34.0,1205.0,
wpilibsuite/gradlerio,1.0,0,1.0,1.0,1,17.0,10.0,90.0,2600.0,
wso2/carbon-apimgt,0.0,1,1.0,0.0,1,106.0,13.0,145.0,16669.0,
wso2/micro-integrator,0.0,0,1.0,0.0,1,52.0,5.0,65.0,2559.0,
wso2/product-apim,,0,,,0,32.0,14.0,41.0,11478.0,
wso2/product-ei,0.0,0,,,0,38.0,2.0,47.0,2210.0,
wso2/product-is,1.0,0,,,0,24.0,15.0,24.0,186.0,
wso2/product-microgateway,0.0,0,1.0,1.0,1,86.0,36.0,149.0,8582.0,
wttech/aet,0.0,0,1.0,1.0,1,21.0,7.0,244.0,67232.0,
wynntils/wynntils,1.0,0,1.0,1.0,1,30.0,40.0,275.0,46924.0,
xbmc/kore,,0,,,0,4.0,26.0,86.0,20621.0,
xerial/sqlite-jdbc,1.0,0,,,0,18.0,70.0,100.0,3599.0,56.72
xnio/xnio,1.0,0,,,0,28.0,16.0,31.0,603.0,
xuxueli/xxl-job,1.0,0,1.0,1.0,1,0.0,3.0,29.0,417.0,
xwiki/xwiki-platform,0.0,1,0.0,0.0,1,54.0,35.0,162.0,10041.0,
yahoo/elide,1.0,1,,1.0,1,27.0,14.0,77.0,8139.0,
yahoo/fili,0.0,1,,1.0,1,28.0,0.0,167.0,21199.0,
yanagishima/yanagishima,0.0,1,,,0,27.0,1.0,76.0,1340.0,
yegor256/cactoos,1.0,0,,,0,63.0,206.0,111.0,7629.0,90.38
yegor256/qulice,1.0,1,1.0,1.0,1,16.0,206.0,177.0,12361.0,17.95
yegor256/rultor,0.0,0,0.0,0.0,1,0.0,106.0,74.0,1795.0,
yegor256/takes,0.0,0,1.0,1.0,1,50.0,260.0,499.0,21641.0,
yelp/nrtsearch,0.0,0,1.0,1.0,1,30.0,0.0,92.0,22191.0,
yidongnan/grpc-spring-boot-starter,0.0,0,1.0,1.0,1,44.0,35.0,152.0,16095.0,
yuliskov/smarttubenext,,0,,,0,0.0,0.0,22.0,669.0,
yuzutech/kroki,0.0,0,,,0,12.0,24.0,33.0,1024.0,
zalando/jackson-datatype-money,1.0,0,1.0,1.0,1,0.0,21.0,23.0,74.0,100.0
zalando/logbook,1.0,0,1.0,1.0,1,1.0,27.0,26.0,1968.0,
zalando/nakadi,1.0,1,,,0,77.0,55.0,135.0,5510.0,49.27
zalando/opentracing-toolbox,1.0,0,1.0,1.0,1,0.0,27.0,29.0,150.0,61.03
zalando/problem,1.0,0,1.0,1.0,1,0.0,25.0,29.0,120.0,100.0
zalando/problem-spring-web,1.0,0,1.0,1.0,1,0.0,21.0,20.0,40.0,100.0
zalando/riptide,0.0,0,1.0,1.0,1,0.0,22.0,27.0,188.0,
zalando/zalenium,0.0,0,0.0,0.0,1,12.0,26.0,50.0,3425.0,
zanata/zanata-platform,0.0,1,,1.0,1,50.0,66.0,127.0,2914.0,
zaproxy/zap-extensions,0.0,0,1.0,1.0,1,71.0,46.0,271.0,15543.0,
zaproxy/zap-hud,1.0,0,1.0,1.0,1,28.0,3.0,39.0,1252.0,2.85
zaproxy/zaproxy,1.0,0,1.0,1.0,1,65.0,79.0,45.0,1589.0,
zebrunner/carina,1.0,0,,,0,0.0,1.0,50.0,9277.0,
zendesk/maxwell,1.0,0,1.0,1.0,1,26.0,37.0,102.0,4364.0,60.88
zerocracy/farm,0.0,0,0.0,0.0,1,29.0,260.0,484.0,26322.0,
zeromq/jeromq,,1,1.0,0.0,1,0.0,2.0,65.0,2063.0,
zkoss/zk,,1,1.0,1.0,1,50.0,4.0,102.0,1690.0,
zmxv/react-native-sound,,0,,,0,4.0,17.0,38.0,2948.0,
zo0r/react-native-push-notification,,0,,,0,14.0,43.0,32.0,817.0,
zoinkwiz/quest-helper,0.0,0,,,0,10.0,3.0,64.0,69438.0,
zoranpandovski/design-patterns,,0,,,0,20.0,1.0,41.0,1741.0,
zsmartsystems/com.zsmartsystems.zigbee,1.0,0,,,0,22.0,18.0,74.0,156908.0,30.44
zstackio/zstack,0.0,0,,,0,8.0,15.0,367.0,24924.0,
zxing/zxing,,1,1.0,1.0,1,63.0,50.0,172.0,2256.0,
