repo_name,build_tool,success,fail,unclear,error,csv,no_code,no_test,no_csv
cloudfoundry/uaa,gradle,0,0,0,1,0,0,0,0
mongodb/mongo-java-driver,gradle,0,0,0,1,0,0,0,0
marklogic/marklogic-data-hub,gradle,0,0,0,1,0,0,0,0
json-path/jsonpath,gradle,0,0,1,0,2,1,1,0
reactor/reactor-core,gradle,0,0,1,0,3,1,1,2
zalando/nakadi,gradle,0,0,1,0,8,1,2,0
impossibl/pgjdbc-ng,gradle,0,0,1,0,0,2,0,5
qiniu/java-sdk,gradle,0,0,1,0,1,0,0,0
fisco-bcos/web3sdk,gradle,0,0,1,0,1,0,0,0
intellectualsites/plotsquared,gradle,0,0,1,0,0,1,1,1
freefair/gradle-plugins,gradle,0,0,1,0,0,9,21,15
openrewrite/rewrite,gradle,0,0,1,0,0,2,0,13
dita-ot/dita-ot,gradle,0,0,1,0,0,3,0,2
roaringbitmap/roaringbitmap,gradle,0,0,1,0,0,1,3,4
velocitypowered/velocity,gradle,0,0,1,0,0,1,0,3
micronaut-projects/micronaut-core,gradle,0,0,1,0,0,4,9,34
cloudnetservice/cloudnet-v,gradle,0,0,1,0,0,3,16,5
micronaut-projects/micronaut-starter,gradle,0,0,1,0,8,0,2,4
crnk-project/crnk-framework,gradle,0,0,1,0,0,5,6,34
apache/lucene,gradle,0,0,1,0,0,4,3,32
hibernate/hibernate-reactive,gradle,0,0,1,0,1,2,3,0
palantir/gradle-graal,gradle,0,0,1,0,1,0,7,0
line/centraldogma,gradle,0,0,1,0,0,8,2,12
odpi/egeria,gradle,0,0,1,0,52,13,210,27
synthetichealth/synthea,gradle,0,0,1,0,1,0,0,0
spongepowered/spongeapi,gradle,0,0,1,0,0,0,0,1
kyoripowered/adventure,gradle,0,0,1,0,0,2,3,8
broadinstitute/picard,gradle,0,0,1,0,0,0,0,1
square/moshi,gradle,0,0,1,0,0,3,2,7
resilience4j/resilience4j,gradle,0,0,1,0,27,2,2,0
haehnchen/idea-php-symfony2-plugin,gradle,0,0,1,0,0,0,0,1
hyperledger/fabric-chaincode-java,gradle,0,0,1,0,1,2,5,4
nats-io/nats.java,gradle,0,0,1,0,1,0,0,0
linkedin/ambry,gradle,0,0,1,0,0,1,0,0
spinnaker/halyard,gradle,0,0,1,0,0,1,0,0
1c-syntax/bsl-language-server,gradle,0,0,1,0,0,0,0,1
spinnaker/kayenta,gradle,0,0,1,0,0,1,0,0
ignatov/intellij-erlang,gradle,0,0,1,0,0,2,0,0
google/sagetv,gradle,0,0,1,0,0,1,0,0
cbeust/testng,gradle,0,0,1,0,0,4,9,5
palantir/conjure,gradle,0,0,1,0,0,1,1,3
jenetics/jenetics,gradle,0,0,1,0,0,1,3,6
domaframework/doma,gradle,0,0,1,0,0,1,1,8
selenide/selenide,gradle,0,0,1,0,0,1,2,4
hivemq/hivemq-mqtt-client,gradle,0,0,1,0,0,3,1,2
bonitasoft/bonita-engine,gradle,0,0,1,0,54,6,15,1
rsocket/rsocket-java,gradle,0,0,1,0,0,2,2,6
jbake-org/jbake,gradle,0,0,1,0,0,2,0,1
linkedin/brooklin,gradle,0,0,1,0,0,1,0,0
spockframework/spock,gradle,0,0,1,0,0,1,0,0
apache/kafka,gradle,0,0,1,0,0,1,0,0
micronaut-projects/micronaut-data,gradle,0,0,1,0,0,1,2,25
ical4j/ical4j,gradle,0,0,1,0,1,0,0,0
micronaut-projects/micronaut-security,gradle,0,0,1,0,8,0,3,0
allegro/hermes,gradle,0,0,1,0,12,2,0,2
randoop/randoop,gradle,0,0,1,0,0,0,0,1
spring-projects/spring-boot,gradle,0,0,1,0,0,61,8,112
apache/ofbiz-framework,gradle,0,0,1,0,0,2,0,0
minio/minio-java,gradle,0,0,1,0,0,1,0,0
apache/jmeter,gradle,0,0,1,0,0,9,6,5
netflix/conductor,gradle,0,0,1,0,20,1,0,0
allure-framework/allure,gradle,0,0,1,0,0,3,1,12
pravega/pravega,gradle,0,0,1,0,0,1,0,0
marytts/marytts,gradle,0,0,1,0,0,1,2,12
open-osrs/runelite,gradle,0,0,1,0,0,1,1,0
tng/archunit,gradle,0,0,1,0,0,4,1,10
eclipse-iofog/agent,gradle,0,0,1,0,0,1,2,1
baomidou/mybatis-plus,gradle,0,0,1,0,5,1,1,0
samtools/htsjdk,gradle,0,0,1,0,1,0,0,0
palantir/docker-compose-rule,gradle,0,0,1,0,2,1,2,0
ballerina-platform/ballerina-lang,gradle,0,0,1,0,0,9,55,39
komamitsu/fluency,gradle,0,0,1,0,0,1,1,3
allure-framework/allure-java,gradle,0,0,1,0,0,2,5,30
hibernate/hibernate-orm,gradle,0,0,1,0,0,1,1,0
enginehub/worldguard,gradle,0,0,1,0,0,4,2,1
mbeddr/mbeddr.core,gradle,0,0,1,0,0,11,0,0
openems/openems,gradle,0,0,1,0,0,2,0,0
consensys/tessera,gradle,0,0,1,0,33,2,4,3
palantir/atlasdb,gradle,0,0,1,0,36,8,20,3
inspectit/inspectit-ocelot,gradle,0,0,1,0,0,2,3,4
tchiotludo/akhq,gradle,0,0,1,0,0,1,0,1
open-telemetry/opentelemetry-java,gradle,0,0,1,0,0,13,16,41
reactivex/rxjava,gradle,0,0,1,0,0,0,0,1
reposense/reposense,gradle,0,0,1,0,0,0,0,1
bndtools/bnd,gradle,0,0,1,0,0,26,2,17
elastic/elasticsearch-hadoop,gradle,0,0,1,0,0,6,4,8
googlecontainertools/jib,gradle,0,0,1,0,6,13,41,3
apache/groovy,gradle,0,0,1,0,0,6,2,31
teamnewpipe/newpipeextractor,gradle,0,0,1,0,1,1,1,0
dv8fromtheworld/jda,gradle,0,0,1,0,0,0,0,1
googleapis/gax-java,gradle,0,0,1,0,0,3,0,3
google/data-transfer-project,gradle,0,0,1,0,0,6,32,23
google/nomulus,gradle,0,0,1,0,0,2,1,9
appium/java-client,gradle,0,0,1,0,0,0,0,1
essentialsx/essentials,gradle,0,0,1,0,0,1,13,1
marquezproject/marquez,gradle,0,0,1,0,2,1,1,0
spring-projects/spring-integration,gradle,0,0,1,0,0,1,0,0
netflix/genie,gradle,0,0,1,0,0,2,6,8
line/armeria,gradle,0,0,1,0,0,15,10,76
spring-projects/spring-amqp,gradle,0,0,1,0,0,0,1,0
viaversion/viaversion,gradle,0,0,1,0,0,4,12,1
netflix/dyno,gradle,0,0,1,0,0,1,0,0
pgjdbc/pgjdbc,gradle,0,0,1,0,0,3,2,2
spotbugs/spotbugs,gradle,0,0,1,0,2,4,4,2
confluentinc/kafka-tutorials,gradle,0,0,1,0,0,2,1,34
zaproxy/zaproxy,gradle,0,0,1,0,0,1,1,0
diffplug/spotless,gradle,0,0,1,0,0,2,1,9
apache/calcite,gradle,0,0,1,0,0,4,1,21
javers/javers,gradle,0,0,1,0,7,1,1,0
hyperledger/besu,gradle,0,0,1,0,34,8,6,3
naver/ngrinder,gradle,0,0,1,0,4,2,2,0
netflix/ribbon,gradle,0,0,1,0,9,1,2,0
reactor/reactor-netty,gradle,0,0,1,0,4,2,1,0
mapfish/mapfish-print,gradle,0,0,1,0,0,2,1,2
enonic/xp,gradle,0,0,1,0,0,2,6,75
movingblocks/terasology,gradle,0,0,1,0,0,4,4,3
wala/wala,gradle,0,0,1,0,0,1,10,14
palantir/gradle-baseline,gradle,0,0,1,0,0,3,2,4
spring-projects/spring-integration-samples,gradle,0,0,1,0,0,1,0,0
twitch4j/twitch4j,gradle,0,0,1,0,0,1,2,10
movingblocks/terasologylauncher,gradle,0,0,1,0,0,0,1,1
stripe/stripe-java,gradle,0,0,1,0,1,0,0,0
auth0/java-jwt,gradle,0,0,1,0,0,1,0,1
embulk/embulk,gradle,0,0,1,0,2,2,4,0
crate/crate,gradle,0,0,1,0,0,5,6,18
apple/servicetalk,gradle,0,0,1,0,0,5,40,42
spring-projects/spring-session,gradle,0,0,1,0,0,21,8,7
movingblocks/destinationsol,gradle,0,0,1,0,0,3,1,1
hivemq/hivemq-community-edition,gradle,0,0,1,0,0,0,0,1
intellectualsites/fastasyncworldedit,gradle,0,0,1,0,0,10,8,2
apache/fineract,gradle,0,0,1,0,0,2,0,3
azagniotov/stubby4j,gradle,0,0,1,0,0,0,0,1
glowstonemc/glowstone,gradle,0,0,1,0,0,0,0,1
apache/pulsar-manager,gradle,0,0,1,0,0,1,0,1
testcontainers/testcontainers-java,gradle,0,0,1,0,39,4,2,14
skinsrestorer/skinsrestorerx,gradle,0,0,1,0,0,2,8,0
oblac/jodd,gradle,0,0,1,0,7,0,1,0
neo4j-contrib/neo4j-apoc-procedures,gradle,0,0,1,0,4,9,1,0
dbfit/dbfit,gradle,0,0,1,0,0,2,0,0
sonarsource/sonarlint-intellij,gradle,0,0,1,0,0,0,2,3
micrometer-metrics/micrometer,gradle,0,0,1,0,0,3,6,27
spring-projects/spring-kafka,gradle,1,0,0,0,0,1,1,0
wynntils/wynntils,gradle,1,0,0,0,0,0,1,0
vazkiimods/quark,gradle,1,0,0,0,0,0,1,0
freyacodes/lavalink,gradle,1,0,0,0,1,1,1,0
kermitt2/grobid,gradle,1,0,0,0,0,1,0,0
tonihele/openkeeper,gradle,1,0,0,0,0,1,0,0
asciidoctor/asciidoctorj,gradle,1,0,0,0,6,1,3,0
graphql-java-kickstart/graphql-java-servlet,gradle,1,0,0,0,1,1,1,0
googlecloudplatform/app-gradle-plugin,gradle,1,0,0,0,0,3,2,1
vazkiimods/botania,gradle,1,0,0,0,0,0,1,1
kobylynskyi/graphql-java-codegen,gradle,1,0,0,0,0,0,3,2
netflix/astyanax,gradle,1,0,0,0,1,3,9,0
edumips64/edumips,gradle,1,0,0,0,1,0,0,0
traccar/traccar,gradle,1,0,0,0,1,0,0,0
jpos/jpos,gradle,1,0,0,0,1,2,3,0
vazkiismods/botania,gradle,1,0,0,0,0,0,1,1
irisshaders/iris,gradle,1,0,0,0,1,0,0,0
apache/iceberg,gradle,1,0,0,0,2,10,0,1
eclipse/lsp4j,gradle,1,0,0,0,6,2,1,0
teammates/teammates,gradle,1,0,0,0,0,0,0,1
jenkinsci/mesos-plugin,gradle,1,0,0,0,1,0,0,0
minecraftforge/forgegradle,gradle,1,0,0,0,0,1,0,0
jbangdev/jbang,gradle,1,0,0,0,1,0,0,0
webauthn4j/webauthn4j,gradle,1,0,0,0,5,1,0,0
awslabs/smithy,gradle,1,0,0,0,19,3,0,0
wpilibsuite/gradlerio,gradle,1,0,0,0,0,4,4,4
typetools/checker-framework,gradle,1,0,0,0,0,2,5,4
wiremock/wiremock,gradle,1,0,0,0,1,0,2,1
googlemaps/google-maps-services-java,gradle,1,0,0,0,1,0,0,0
skylot/jadx,gradle,1,0,0,0,5,1,4,0
jsqlparser/jsqlparser,gradle,1,0,0,0,1,0,0,0
googleapis/gapic-generator,gradle,1,0,0,0,0,3,0,2
netflix/governator,gradle,1,0,0,0,10,2,1,1
auth0/auth0-java,gradle,1,0,0,0,1,0,0,0
spring-projects/spring-statemachine,gradle,1,0,0,0,2,1,1,0
refinedmods/refinedstorage,gradle,1,0,0,0,1,0,0,0
dddjava/jig,gradle,1,0,0,0,0,2,2,0
zaproxy/zap-hud,gradle,1,0,0,0,1,0,1,0
megamek/megamek,gradle,1,0,0,0,0,2,0,0
crowdin/crowdin-cli,gradle,1,0,0,0,0,0,0,1
linkedin/kafka-monitor,gradle,1,0,0,0,1,0,0,0
asciidoctor/asciidoctor-intellij-plugin,gradle,1,0,0,0,0,2,0,1
slimeknights/tinkersconstruct,gradle,1,0,0,0,1,0,0,0
springfox/springfox,gradle,1,0,0,0,17,1,3,4
web3j/web3j,gradle,1,0,0,0,11,7,2,1
line/line-bot-sdk-java,gradle,1,0,0,0,8,1,2,0
linkedin/cruise-control,gradle,1,0,0,0,0,1,1,0
wayoftime/bloodmagic,gradle,1,0,0,0,0,0,1,0
netflix/spectator,gradle,1,0,0,0,21,2,0,0
functionaljava/functionaljava,gradle,1,0,0,0,7,1,0,1
freenet/fred,gradle,1,0,0,0,0,1,0,0
netflix/zuul,gradle,1,0,0,0,5,1,1,0
webankblockchain/wecross,gradle,1,0,0,0,1,0,0,0
alex-the-666/ice_and_fire,gradle,1,0,0,0,0,0,1,0
osmlab/atlas,gradle,1,0,0,0,0,0,1,1
consensys/teku,gradle,1,0,0,0,45,10,12,0
fabricmc/fabric-loader,gradle,1,0,0,0,0,0,1,2
vavr-io/vavr,gradle,1,0,0,0,1,0,0,0
javacord/javacord,gradle,1,0,0,0,0,1,0,0
junit-pioneer/junit-pioneer,gradle,1,0,0,0,1,1,0,0
palantir/gradle-git-version,gradle,1,0,0,0,1,0,0,0
influxdata/influxdb-java,maven,0,0,0,1,0,0,0,0
apache/systemds,maven,0,0,0,1,0,0,0,0
dbeaver/dbeaver,maven,0,0,0,0,0,150,0,0
sloeber/arduino-eclipse-plugin,maven,0,0,0,0,0,12,0,0
oltpbenchmark/oltpbench,maven,0,0,0,0,0,1,0,0
sqlancer/sqlancer,maven,0,0,0,0,0,1,0,0
amzn/ion-java,maven,0,0,0,0,0,2,0,0
ome/bioformats,maven,0,0,0,0,0,10,0,0
immutables/immutables,maven,0,0,0,0,0,33,0,0
google/guice,maven,0,0,0,0,0,18,0,0
jitsi/libjitsi,maven,0,0,0,0,0,1,0,0
googleapis/google-auth-library-java,maven,0,0,0,0,0,5,0,0
belaban/jgroups,maven,0,0,0,0,0,1,0,0
jmri/jmri,maven,0,0,0,0,0,1,0,0
google/guava,maven,0,0,0,0,0,14,0,0
googleapis/google-api-java-client-services,maven,0,0,0,0,0,1408,0,0
eclipse/microprofile-config,maven,0,0,0,0,0,1,3,0
frandallfarmer/neohabitat,maven,0,0,0,0,0,0,1,0
sonarsource/sonarlint-eclipse,maven,0,0,0,0,0,11,2,0
wso2/product-is,maven,0,0,0,0,0,130,12,0
metersphere/metersphere,maven,0,0,0,0,0,2,1,0
forge/roaster,maven,0,0,0,0,0,3,3,0
fenixedu/fenixedu-academic,maven,0,0,0,0,0,0,1,0
pentaho/mondrian,maven,0,0,0,0,0,2,3,0
eclipse/paho.mqtt.java,maven,0,0,0,0,0,6,4,0
flyway/flyway,maven,0,0,0,0,0,1,7,0
pac4j/play-pac4j,maven,0,0,0,0,0,1,2,0
spring-projects/spring-data-mongodb,maven,0,0,0,1,0,1,2,0
psi-probe/psi-probe,maven,0,0,6,0,0,1,1,0
cloudyrock/mongock,maven,0,0,5,0,0,2,1,0
jenkinsci/jenkins,maven,0,0,3,0,0,3,0,0
spotify/apollo,maven,0,0,10,0,0,2,0,0
apache/dubbo,maven,0,0,43,0,0,35,26,0
debezium/debezium,maven,0,0,22,0,0,7,10,0
gentics/mesh,maven,0,0,21,0,0,14,25,0
activiti/activiti,maven,0,0,31,0,0,21,14,0
zalando/logbook,maven,0,0,22,0,0,5,0,0
alibaba/spring-cloud-alibaba,maven,0,0,8,0,0,8,40,0
spotify/zoltar,maven,0,0,5,0,0,2,8,0
apache/camel-quarkus,maven,0,0,320,0,0,383,675,0
hubspot/baragon,maven,0,5,0,0,0,2,2,0
verapdf/verapdf-library,maven,0,1,0,0,0,2,2,0
googlecloudplatform/spring-cloud-gcp,maven,0,1,47,0,0,32,8,0
scalecube/scalecube-cluster,maven,0,5,0,0,0,3,3,0
scalecube/scalecube-services,maven,0,3,0,0,0,2,6,0
microsoft/playwright-java,maven,0,3,0,0,0,2,5,0
adobe/aem-core-wcm-components,maven,0,3,0,0,0,16,1,0
javaparser/javaparser,maven,0,2,0,0,0,4,3,0
oshi/oshi,maven,0,1,0,0,0,2,2,0
jboss-modules/jboss-modules,maven,0,1,0,0,0,0,0,0
sonarsource/sonarlint-core,maven,0,1,0,0,0,9,13,0
atmosphere/atmosphere,maven,0,2,0,0,0,4,5,0
undertow-io/undertow,maven,0,3,0,0,0,3,5,0
googleclouddataproc/spark-bigquery-connector,maven,0,6,0,0,0,10,3,0
checkstyle/checkstyle,maven,0,1,0,0,0,0,0,0
ebean-orm/ebean,maven,0,2,10,0,0,4,3,0
gsi-cs-co/chart-fx,maven,0,6,0,0,0,2,1,0
hubspot/slack-client,maven,0,3,0,0,0,1,1,0
pyvesb/advanced-achievements,maven,0,1,0,0,0,1,1,0
microsoft/azure-maven-plugins,maven,0,1,4,0,0,13,28,0
spring-io/start.spring.io,maven,0,1,0,0,0,3,0,0
igniterealtime/spark,maven,0,2,0,0,0,3,18,0
jooq/jooq,maven,0,9,0,0,0,2,21,0
chocoteam/choco-solver,maven,0,2,0,1,0,1,0,0
hubspot/jinjava,maven,0,1,0,0,0,0,1,0
eclipse-ee4j/eclipselink,maven,0,8,0,0,0,20,19,0
apache/hbase,maven,0,6,24,0,0,12,7,0
seata/seata,maven,0,1,42,0,0,20,21,0
bioinformatics-ua/dicoogle,maven,0,1,0,0,0,1,1,0
apache/maven,maven,0,2,16,0,0,310,4,0
eclipse/hono,maven,0,37,0,0,0,14,25,0
hibernate/hibernate-validator,maven,0,6,0,0,0,8,7,0
sofastack/sofa-jraft,maven,0,4,0,0,0,3,2,0
locationtech/jts,maven,0,5,1,0,0,3,3,0
liquibase/liquibase,maven,0,4,0,0,0,5,3,0
questdb/questdb,maven,0,1,0,1,0,1,1,0
antlr/antlr,maven,0,1,0,0,0,6,5,0
xuxueli/xxl-job,maven,0,3,0,0,0,2,1,0
apache/phoenix,maven,0,3,0,0,0,5,6,0
openzipkin/zipkin,maven,0,12,0,0,0,4,1,0
jacoco/jacoco,maven,0,2,20,0,0,46,3,0
hubspot/singularity,maven,0,5,0,0,0,2,7,0
networknt/light-4j,maven,0,44,0,0,0,1,3,0
fabric8io/kubernetes-client,maven,0,21,0,0,0,26,59,0
eclipse/milo,maven,0,6,0,0,0,7,9,0
apache/dolphinscheduler,maven,0,18,0,0,0,7,15,0
apache/kylin,maven,0,20,10,0,0,8,5,0
box/mojito,maven,0,4,0,0,0,1,2,0
weld/core,maven,0,11,0,0,0,17,13,0
digital-preservation/droid,maven,0,8,0,0,0,3,5,0
apache/ratis,maven,0,8,0,0,0,4,7,0
eclipse/jetty.project,maven,0,65,0,0,0,54,76,0
yahoo/elide,maven,0,16,0,0,0,5,0,0
prometheus/client_java,maven,0,24,0,0,0,5,5,0
scribejava/scribejava,maven,0,7,0,0,0,1,1,0
apache/accumulo,maven,0,16,0,0,0,2,1,0
killbill/killbill,maven,0,14,0,0,0,2,3,0
alluxio/alluxio,maven,0,36,0,0,0,22,14,0
ops4j/org.ops4j.pax.web,maven,0,16,0,0,0,30,94,0
labsai/eddi,maven,0,13,0,0,0,3,37,0
flowable/flowable-engine,maven,0,84,0,0,0,32,63,0
apache/knox,maven,0,53,0,0,0,7,30,0
apache/drill,maven,0,35,0,0,0,10,7,0
playtika/testcontainers-spring-boot,maven,0,32,0,0,0,3,0,0
arquillian/arquillian-core,maven,0,22,0,0,0,13,10,0
usc-isi-i2/web-karma,maven,0,8,0,0,0,9,24,0
eclipse/ditto,maven,0,47,0,0,0,18,3,0
openzipkin/brave,maven,0,35,1,0,0,13,1,0
shopizer-ecommerce/shopizer,maven,0,2,0,0,0,1,3,0
apache/ozone,maven,0,17,0,0,0,13,10,0
neo4j/neo4j,maven,0,75,0,0,0,30,15,0
apache/cloudstack,maven,0,71,0,0,0,16,49,0
apache/flink-statefun,maven,1,13,0,0,0,11,9,1
redisson/redisson,maven,1,24,0,0,0,8,5,1
jenkinsci/jira-plugin,maven,1,0,0,0,1,0,0,0
wmixvideo/nfe,maven,1,0,0,0,1,0,0,0
apache/curator,maven,1,6,0,0,1,2,1,0
firebase/firebase-admin-java,maven,1,0,0,0,1,0,0,0
xerial/sqlite-jdbc,maven,1,0,0,0,1,0,0,0
iqss/dataverse,maven,1,0,0,0,1,0,1,0
apache/commons-collections,maven,1,0,0,0,1,0,0,0
clickhouse/clickhouse-jdbc,maven,1,0,0,0,1,7,3,0
revelc/formatter-maven-plugin,maven,1,0,0,0,1,0,0,0
sonaropencommunity/sonar-cxx,maven,1,4,0,0,1,2,1,0
fridujo/rabbitmq-mock,maven,1,1,1,0,1,1,0,0
bonigarcia/webdrivermanager,maven,1,0,0,0,1,0,0,0
zsmartsystems/com.zsmartsystems.zigbee,maven,1,6,0,0,1,3,8,0
jknack/handlebars.java,maven,1,8,0,0,0,1,1,1
spring-cloud/spring-cloud-netflix,maven,2,0,0,0,2,5,1,0
adorsys/keycloak-config-cli,maven,1,0,0,0,1,0,1,0
castorini/anserini,maven,1,0,0,0,1,0,0,0
jenkinsci/gitlab-plugin,maven,1,0,0,0,1,0,0,0
streamnative/kop,maven,2,0,0,0,0,2,8,2
lukas-krecan/shedlock,maven,1,36,0,0,0,1,1,1
nlpchina/elasticsearch-sql,maven,2,0,0,0,2,0,0,0
jwtk/jjwt,maven,1,4,0,0,0,2,0,1
apache/httpcomponents-client,maven,1,4,0,0,1,1,0,0
jeremylong/dependencycheck,maven,1,5,2,0,0,36,18,1
dropwizard/metrics,maven,1,1,25,0,1,3,3,0
spotify/styx,maven,1,8,0,0,1,2,2,0
gravitee-io/gravitee-access-management,maven,1,43,0,0,0,22,47,1
lettuce-io/lettuce-core,maven,1,0,0,0,1,0,0,0
dspace/dspace,maven,1,6,0,0,0,1,7,1
damianszczepanik/cucumber-reporting,maven,1,0,0,0,1,0,0,0
ripe-ncc/whois,maven,1,8,0,0,0,2,0,1
cmu-phil/tetrad,maven,1,2,0,0,1,1,0,0
betonquest/betonquest,maven,1,0,0,0,1,0,0,0
apache/shardingsphere,maven,1,89,0,0,1,95,95,0
jenkinsci/gerrit-trigger-plugin,maven,1,0,0,0,0,0,0,1
gwtmaterialdesign/gwt-material,maven,1,0,0,0,1,1,0,0
opentripplanner/opentripplanner,maven,1,0,0,0,0,0,0,1
expediagroup/styx,maven,1,8,1,0,1,8,4,0
kiegroup/optaweb-vehicle-routing,maven,1,0,0,0,1,2,3,0
primefaces/primefaces,maven,2,1,0,0,2,2,3,0
apache/iotdb,maven,1,18,0,0,0,11,19,1
digitalpebble/storm-crawler,maven,1,3,0,0,1,2,9,0
alibaba/nacos,maven,1,10,0,0,1,6,3,0
jensgerdes/sonar-pmd,maven,2,1,0,0,1,1,2,1
fraunhoferiosb/frost-server,maven,1,3,0,0,1,3,12,0
actiontech/dble,maven,1,0,0,0,1,0,0,0
biojava/biojava,maven,2,8,0,0,0,2,2,2
liquibase/liquigraph,maven,5,0,0,0,2,1,1,3
zalando/jackson-datatype-money,maven,1,0,0,0,1,0,0,0
javamoney/jsr354-ri,maven,2,2,0,0,2,3,0,0
jenkinsci/bitbucket-branch-source-plugin,maven,1,0,0,0,1,0,0,0
google/error-prone,maven,1,4,0,0,0,1,4,1
spring-cloud/spring-cloud-consul,maven,6,0,0,0,6,8,2,0
rickfast/consul-client,maven,1,0,0,0,1,0,0,0
optimatika/ojalgo,maven,1,0,0,0,1,0,0,0
runelite/runelite,maven,6,0,0,0,0,2,3,6
xnio/xnio,maven,1,1,0,0,0,1,0,1
prometheus/jmx_exporter,maven,1,1,0,0,1,4,2,0
adobe-consulting-services/acs-aem-commons,maven,2,0,0,0,2,1,3,0
netcentric/accesscontroltool,maven,1,0,0,0,1,4,6,0
ff4j/ff4j,maven,1,31,0,0,1,1,2,0
assertj/assertj-core,maven,1,0,0,0,1,3,0,0
mybatis/mybatis-,maven,1,0,0,0,1,0,0,0
mongock/mongock,maven,1,4,6,0,1,12,8,0
elastic/support-diagnostics,maven,1,0,0,0,1,0,0,0
apache/commons-compress,maven,1,0,0,0,1,0,0,0
appiumtestdistribution/appiumtestdistribution,maven,1,0,0,0,1,0,0,0
mybatis/mybatis-dynamic-sql,maven,1,0,0,0,1,0,0,0
microsoft/botbuilder-java,maven,1,7,0,0,1,1,2,0
eclipse-ee4j/jaxrs-api,maven,1,0,0,0,0,2,3,1
smallrye/smallrye-reactive-messaging,maven,1,14,3,0,0,2,11,1
streamnative/pulsar-flink,maven,1,0,0,0,1,5,0,0
jenkinsci/swarm-plugin,maven,1,1,0,0,0,1,0,1
maven-nar/nar-maven-plugin,maven,1,0,22,0,1,17,41,0
blazebit/blaze-persistence,maven,1,32,6,0,0,38,55,1
zalando/problem-spring-web,maven,1,4,0,0,1,2,0,0
spring-cloud/spring-cloud-stream-binder-kafka,maven,3,0,0,0,3,2,1,0
apache/pulsar,maven,1,54,0,0,1,40,31,0
swagger-api/swagger-parser,maven,3,0,0,0,0,1,1,3
orcid/orcid-source,maven,1,10,1,0,0,4,1,1
jenkinsci/github-branch-source-plugin,maven,1,0,0,0,1,0,0,0
javadev/underscore-java,maven,3,0,0,0,3,0,0,0
openfeign/feign,maven,1,28,0,0,0,1,1,1
jenkinsci/github-plugin,maven,1,0,0,0,1,0,0,0
julianhyde/sqlline,maven,1,0,0,0,0,0,0,1
spring-projects/spring-data-jdbc,maven,2,0,0,0,2,1,1,0
eclipse/lemminx,maven,1,0,0,0,1,1,0,0
dius/java-faker,maven,1,0,0,0,1,0,0,0
spring-projects/spring-data-elasticsearch,maven,1,0,0,0,1,0,0,0
graphhopper/graphhopper,maven,2,7,0,0,0,1,2,2
eclipse/leshan,maven,1,7,0,0,1,2,4,0
soot-oss/soot,maven,1,0,0,0,1,0,0,0
fasterxml/jackson-databind,maven,1,0,0,0,1,0,0,0
openpnp/openpnp,maven,1,0,0,0,0,0,0,1
jenkinsci/kubernetes-plugin,maven,1,0,0,0,1,0,0,0
jitsi/jitsi-meet-torture,maven,1,0,0,0,0,0,0,1
slimefun/slimefun,maven,1,0,0,0,1,0,0,0
googleclouddataproc/hadoop-connectors,maven,1,4,0,0,1,2,0,0
java-operator-sdk/java-operator-sdk,maven,1,1,0,0,1,2,5,0
classgraph/classgraph,maven,1,0,0,0,1,0,0,0
jhy/jsoup,maven,1,0,0,0,0,0,0,1
mybatis/guice,maven,1,0,0,0,1,0,0,0
apicurio/apicurio-registry,maven,2,12,0,0,2,9,16,0
apache/datasketches-java,maven,1,0,0,0,0,0,0,1
jenkinsci/blueocean-plugin,maven,3,16,0,0,1,3,6,2
jenkinsci/subversion-plugin,maven,1,0,0,0,1,0,0,0
cloudbees-oss/zendesk-java-client,maven,1,0,0,0,1,0,0,0
winder/universal-g-code-sender,maven,1,11,0,0,0,3,12,1
stapler/stapler,maven,1,3,0,0,0,1,3,1
janusgraph/janusgraph,maven,1,13,0,0,0,8,4,1
kiegroup/droolsjbpm-knowledge,maven,3,0,3,1,0,2,6,3
docker-java/docker-java,maven,1,1,0,0,1,2,7,0
wikidata/wikidata-toolkit,maven,6,1,0,0,6,1,2,0
containx/openstack4j,maven,1,0,0,0,1,7,7,0
pentaho/pentaho-platform,maven,2,5,0,0,0,3,8,2
reactiverse/es4x,maven,2,1,0,0,2,101,0,0
featurecat/lizzie,maven,1,0,0,0,0,0,0,1
drallgood/jpasskit,maven,1,1,0,0,1,1,0,0
openhft/chronicle-queue,maven,1,1,1,0,1,0,2,0
fabric8io/docker-maven-plugin,maven,3,0,1,0,2,23,16,1
strimzi/strimzi-kafka-operator,maven,3,9,0,0,0,4,5,3
codecentric/spring-boot-admin,maven,2,8,0,0,2,7,2,0
jenkinsci/email-ext-plugin,maven,1,0,0,0,1,0,0,0
hangarmc/hangar,maven,1,0,0,0,1,0,0,0
googleapis/google-cloud-java,maven,1,0,0,0,0,6,9,1
jflex-de/jflex,maven,2,8,0,0,0,3,4,2
junit-team/junit,maven,1,0,0,0,1,0,0,0
hcoles/pitest,maven,3,7,13,0,3,12,2,0
spring-projects/spring-data-neo4j,maven,1,0,0,0,1,0,0,0
jenkinsci/remoting,maven,1,0,0,0,0,0,0,1
searls/jasmine-maven-plugin,maven,1,19,1,0,1,9,2,0
jenkinsci/docker-plugin,maven,1,0,0,0,1,0,0,0
spotify/dbeam,maven,1,0,0,0,1,1,0,0
apache/unomi,maven,6,2,0,0,6,19,51,0
microsoft/java-debug,maven,1,0,0,0,1,2,1,0
jtablesaw/tablesaw,maven,1,5,0,0,1,2,2,0
mybatis/spring,maven,1,0,0,0,1,0,0,0
mock-server/mockserver,maven,1,10,0,0,0,1,0,1
cloudevents/sdk-java,maven,1,13,0,0,1,7,8,0
waffle/waffle,maven,2,9,0,0,2,6,11,0
jenkinsci/workflow-cps-plugin,maven,1,0,0,0,1,0,0,0
open-metadata/openmetadata,maven,1,1,0,0,1,2,1,0
hazelcast/hazelcast-code-samples,maven,4,6,0,0,4,46,243,0
zalando/opentracing-toolbox,maven,6,10,0,0,6,14,0,0
asciidoctor/asciidoctor-maven-plugin,maven,1,0,0,0,1,6,11,0
apache/activemq-artemis,maven,2,23,0,0,0,39,161,2
axonframework/axonframework,maven,1,11,0,0,1,3,0,0
snowflakedb/snowflake-jdbc,maven,2,0,0,0,2,3,0,0
spring-projects/spring-data-couchbase,maven,1,0,0,0,1,0,0,0
googleapis/java-bigtable-hbase,maven,1,11,0,0,0,13,6,1
apache/jackrabbit-oak,maven,4,34,0,0,0,7,4,4
twilio/twilio-java,maven,1,0,0,0,0,0,0,1
spring-cloud/spring-cloud-stream,maven,2,0,0,0,2,2,3,0
opengamma/strata,maven,1,10,1,0,0,1,1,1
googleapis/google-oauth-java-client,maven,1,3,0,0,0,7,3,1
hibernate/hibernate-tools,maven,1,3,0,0,1,10,5,0
zebrunner/carina,maven,1,9,2,0,0,1,3,1
jqno/equalsverifier,maven,1,0,0,0,1,0,0,0
alibaba/easyexcel,maven,1,0,0,0,1,0,0,0
yegor256/qulice,maven,2,5,0,0,2,9,11,0
google/truth,maven,1,4,0,0,1,2,0,0
igniterealtime/openfire,maven,1,0,0,0,0,3,4,1
miso-lims/miso-lims,maven,1,6,0,0,1,1,0,0
apache/commons-vfs,maven,1,3,0,0,0,2,1,1
multiverse/multiverse-core,maven,1,0,0,0,1,0,0,0
languagetool-org/languagetool,maven,1,43,1,0,0,2,2,1
spring-projects/spring-hateoas,maven,1,0,0,0,1,0,0,0
apache/helix,maven,2,12,0,0,2,17,0,0
jbosstm/narayana,maven,2,21,0,0,0,50,19,2
eclipse/hawkbit,maven,3,14,0,0,3,12,5,0
apache/incubator-shenyu,maven,2,93,0,0,2,26,58,0
yegor256/cactoos,maven,1,0,0,0,1,0,0,0
git-commit-id/git-commit-id-maven-plugin,maven,1,0,0,0,1,0,0,0
aws/aws-encryption-sdk-java,maven,1,0,0,0,1,0,0,0
redouane59/twittered,maven,1,0,0,0,1,0,0,0
qos-ch/logback,maven,1,2,0,0,1,1,2,0
davidb/scala-maven-plugin,maven,1,0,1,0,1,3,16,0
molgenis/systemsgenetics,maven,2,7,0,0,2,1,9,0
mybatis/jpetstore-,maven,1,0,0,0,1,0,0,0
vert-x3/vertx-web,maven,20,0,0,0,0,3,1,20
cloudburstmc/nukkit,maven,1,0,0,0,1,0,0,0
apache/avro,maven,3,12,0,0,0,13,4,3
decorators-squad/eo-yaml,maven,1,0,0,0,1,0,0,0
okta/okta-spring-boot,maven,2,2,0,0,2,8,5,0
jenkinsci/docker-workflow-plugin,maven,1,0,0,0,1,0,0,0
jitsi/jigasi,maven,1,0,0,0,1,0,0,0
w3c/epubcheck,maven,1,0,0,0,0,0,0,1
spring-projects/spring-petclinic,maven,1,0,0,0,1,0,0,0
eirslett/frontend-maven-plugin,maven,1,1,0,0,1,6,2,0
dbs-leipzig/gradoop,maven,2,5,0,0,1,3,5,1
qos-ch/slf4j,maven,2,10,0,0,2,0,3,0
corona-warn-app/cwa-server,maven,2,7,0,0,2,3,1,0
authorjapps/zerocode,maven,1,3,1,0,1,1,1,0
spring-cloud/spring-cloud-aws,maven,6,3,1,0,0,7,1,6
spring-projects/spring-data-jpa,maven,1,0,0,0,0,0,0,1
sonarsource/sonar-scanner-jenkins,maven,3,0,0,0,3,1,0,0
dependencytrack/dependency-track,maven,1,0,0,0,1,0,0,0
querydsl/querydsl,maven,10,17,0,0,10,2,4,0
synyx/urlaubsverwaltung,maven,1,0,0,0,1,0,0,0
apache/jena,maven,29,2,0,0,25,13,2,4
marcosbarbero/spring-cloud-zuul-ratelimit,maven,9,0,0,0,1,3,1,8
apache/shiro,maven,26,1,0,0,0,13,14,26
eclipse-vertx/vertx-sql-client,maven,7,0,0,0,0,1,0,7
pgmdev/pgm,maven,1,0,0,0,1,1,2,0
mybatis/spring-boot-starter,maven,13,0,0,0,13,4,0,0
openhab/openhab-core,maven,31,0,0,0,31,34,68,0
dapr/java-sdk,maven,1,2,0,0,0,2,2,1
pwm-project/pwm,maven,1,0,0,0,1,2,5,0
apache/commons-text,maven,1,0,0,0,1,0,0,0
lukas-krecan/jsonunit,maven,1,4,0,0,1,12,2,0
hawtio/hawtio,maven,4,6,0,0,4,3,18,0
spring-cloud/spring-cloud-sleuth,maven,9,3,0,0,9,34,2,0
dropwizard/dropwizard,maven,25,7,0,0,23,5,3,2
pentaho/big-data-plugin,maven,25,1,0,0,0,10,8,25
locationtech/geowave,maven,28,1,0,0,0,6,29,28
mcmmo-dev/mcmmo,maven,1,0,0,0,1,0,0,0
orienteerbap/orienteer,maven,13,8,0,2,10,1,2,3
dcm4che/dcm4che,maven,13,0,0,0,12,5,74,1
apache/incubator-inlong,maven,5,16,0,0,4,20,8,1
apache/dubbo-admin,maven,2,0,0,0,1,3,0,1
glyptodon/guacamole-client,maven,3,3,0,0,2,2,16,1
spring-cloud/spring-cloud-config,maven,4,0,0,0,4,4,1,0
librepdf/openpdf,maven,1,2,0,0,1,1,1,0
apache/mina-sshd,maven,1,12,0,0,1,2,1,0
apolloconfig/apollo,maven,1,10,0,0,1,1,2,0
neo4j/neo4j-java-driver,maven,1,2,0,0,0,1,2,1
pinterest/secor,maven,1,0,0,0,1,0,0,0
hub4j/github-api,maven,1,0,0,0,0,0,0,1
eclipse/eclipse-collections,maven,1,2,0,0,0,12,8,1
brettwooldridge/hikaricp,maven,1,0,0,0,0,0,0,1
ta4j/ta4j,maven,1,1,0,0,1,1,0,0
apache/commons-io,maven,1,0,0,0,1,0,0,0
togglz/togglz,maven,1,25,1,0,1,2,3,0
spring-projects/spring-data-redis,maven,1,0,0,0,0,0,0,1
awslabs/aws-athena-query-federation,maven,8,8,0,0,8,1,2,0
hazelcast/hazelcast,maven,21,1,0,1,0,9,6,21
spotify/docker-client,maven,1,0,0,0,1,0,0,0
hibernate/hibernate-search,maven,1,15,0,0,0,43,16,1
vert-x3/vertx-auth,maven,13,0,0,0,0,1,0,13
ctripcorp/apollo,maven,6,5,0,0,6,1,2,0
eclipse-ee4j/jersey,maven,2,46,194,0,1,73,68,1
logstash/logstash-logback-encoder,maven,1,0,0,0,1,0,0,0
authme/authmereloaded,maven,1,0,0,0,1,0,0,0
jenkins-infra/update-center,maven,1,0,0,0,0,0,0,1
apache/logging-log4j,maven,1,38,0,0,1,8,9,0
mvndaemon/mvnd,maven,3,10,0,0,3,26,24,0
apache/httpcomponents-core,maven,1,3,0,0,1,1,0,0
jenkinsci/ec2-plugin,maven,1,0,0,0,1,0,0,0
googlecloudplatform/cloud-sql-jdbc-socket-factory,maven,1,7,0,0,1,1,1,0
smallrye/smallrye-mutiny,maven,10,0,0,0,0,4,0,10
jchambers/pushy,maven,1,4,0,0,0,1,1,1
tmobile/t-vault,maven,2,0,0,0,1,1,0,1
spring-projects/spring-data-rest,maven,3,5,0,0,3,3,1,0
googlecloudplatform/bank-of-anthos,maven,3,0,0,0,3,1,1,0
cdk/cdk,maven,47,0,0,0,47,22,8,0
confluentinc/kafka-streams-examples,maven,1,0,0,0,1,0,0,0
zalando/problem,maven,1,2,0,0,1,1,0,0
inception-project/inception,maven,3,47,0,0,0,3,31,3
azuread/microsoft-authentication-library-for-java,maven,1,0,0,0,0,0,4,1
eclipse-vertx/vert.x,maven,1,0,0,0,0,0,0,1
jitsi/jicofo,maven,1,0,0,0,1,0,0,0
discordsrv/discordsrv,maven,1,0,0,0,1,0,0,0
moquette-io/moquette,maven,1,0,0,0,1,1,2,0
jenkinsci/plugin-installation-manager-tool,maven,1,1,0,0,0,1,0,1
dcache/dcache,maven,9,28,0,0,8,6,22,1
matsim-org/matsim-libs,maven,27,9,0,0,21,3,5,6
strimzi/strimzi-kafka-bridge,maven,1,0,0,0,1,0,0,0
apiman/apiman,maven,22,2,0,0,0,17,55,22
maxcom/lorsource,maven,1,0,0,0,0,0,0,1
spring-cloud/spring-cloud-vault,maven,11,0,0,0,10,1,4,1
orbisgis/h2gis,maven,5,0,0,0,5,1,4,0
sendgrid/sendgrid-java,maven,1,0,0,0,1,0,0,0
zendesk/maxwell,maven,1,0,0,0,1,0,0,0
weibocom/motan,maven,1,11,0,0,1,6,7,0
hazelcast/hazelcast-jet,maven,18,0,0,0,0,3,40,18
apache/opennlp,maven,1,2,0,0,0,1,3,1
codice/ddf,maven,15,229,0,0,4,94,115,11
pac4j/pac4j,maven,15,0,0,0,14,1,0,1
jenkinsci/git-client-plugin,maven,1,0,0,0,1,0,0,0
morphiaorg/morphia,maven,1,1,0,0,1,2,2,0
jenkinsci/jenkinsfile-runner,maven,1,0,0,0,0,5,5,1
hapifhir/hapi-fhir,maven,32,5,3,0,26,15,9,6
swagger-api/swagger-inflector,maven,1,0,0,0,1,1,0,0
airlift/airlift,maven,5,20,0,0,0,2,2,5
rest-assured/rest-assured,maven,2,10,0,0,0,8,12,2
openmrs/openmrs-core,maven,2,2,0,0,1,2,1,1
apache/activemq,maven,22,4,0,0,0,7,22,22
apache/maven-surefire,maven,4,20,23,0,2,252,13,2
opencast/opencast,maven,5,110,1,0,0,12,123,5
sonarsource/sonar-php,maven,1,2,0,0,1,6,1,0
gitlab4j/gitlab4j-api,maven,1,0,0,0,1,0,0,0
perwendel/spark,maven,1,0,0,0,1,0,0,0
redis/jedis,maven,1,0,0,0,1,0,0,0
jenkinsci/warnings-ng-plugin,maven,2,0,0,0,2,12,0,0
orientechnologies/orientdb,maven,12,0,1,0,10,1,2,2
spigotmc/bungeecord,maven,6,1,0,0,6,2,10,0
kiegroup/appformer,maven,107,0,0,0,0,61,35,107
pentaho/pentaho-reporting,maven,56,1,0,0,0,7,3,56
pentaho/pentaho-kettle,maven,30,4,0,0,0,84,51,30
apache/dubbo-samples,maven,79,14,0,0,2,38,50,77
confluentinc/ksql,maven,20,2,1,0,0,7,4,20
apache/cxf,maven,75,5,2,2,2,100,134,73
frameworkium/frameworkium-core,maven,1,0,0,0,0,0,0,1
basexdb/basex,maven,1,3,0,0,0,1,0,1
pmd/pmd,maven,28,0,0,0,27,7,2,1
elastic/apm-agent-java,maven,2,64,0,0,2,45,16,0
fcrepo/fcrepo,maven,11,1,0,0,0,4,4,11
alibaba/sentinel,maven,38,0,0,0,0,9,39,38
apache/guacamole-client,maven,3,3,0,0,2,2,16,1
webankpartners/wecube-platform,maven,2,1,0,0,1,1,2,1
apache/flink,maven,67,40,0,0,0,31,61,67
openhab/openhab-addons,maven,113,0,0,0,109,10,266,4
pippo-java/pippo,maven,18,0,0,0,18,10,27,0
gravitee-io/gravitee-gateway,maven,17,0,0,0,0,5,12,17
camunda-cloud/zeebe,maven,22,4,0,0,22,8,5,0
apache/karaf,maven,46,1,1,0,0,96,180,46
panda-lang/panda,maven,4,0,0,0,3,1,0,1
apache/syncope,maven,19,5,0,0,14,34,74,5
apache/tinkerpop,maven,4,14,3,0,0,9,2,4
diennea/herddb,maven,1,7,0,0,0,5,6,1
iluwatar/java-design-patterns,maven,149,0,0,0,148,5,4,1
knowm/xchart,maven,1,1,0,0,1,1,0,0
apache/shardingsphere-elasticjob,maven,2,21,0,0,2,12,12,0
apache/zookeeper,maven,1,7,0,0,1,8,5,0
jenkinsci/configuration-as-code-plugin,maven,1,1,0,0,1,2,0,0
spring-cloud/spring-cloud-commons,maven,5,0,0,0,5,6,1,0
rubenlagus/telegrambots,maven,5,0,0,0,5,1,1,0
eclipse-ee4j/glassfish,maven,10,92,52,0,10,161,212,0
eclipse/rdf4j,maven,58,0,0,0,0,25,23,58
kiegroup/drools,maven,84,9,15,1,0,61,34,84
quarkusio/quarkus-quickstarts,maven,72,15,8,0,72,4,7,0
apache/druid,maven,61,0,0,1,61,5,2,0
wildfly/quickstart,maven,33,0,0,0,5,40,98,28
apache/commons-lang,maven,1,0,0,0,1,0,0,0
vaadin/spring,maven,7,4,0,0,3,3,7,4
undera/jmeter-plugins,maven,36,0,0,0,36,5,2,0
kiegroup/jbpm,maven,38,2,2,0,0,29,14,38
geotools/geotools,maven,90,3,2,0,0,64,8,90
apache/pinot,maven,1,36,0,0,1,17,10,0
knowm/xchange,maven,114,1,0,0,95,1,8,19
kiegroup/kogito-examples,maven,99,0,2,0,0,7,5,99
apache/hadoop,maven,56,6,3,1,0,36,11,56
