repo_name,build_tool,last_commit_sha,success,fail,unclear,error
joinfaces/joinfaces,gradle,6b379a0240fa3002c4321abc919e0d62fcc4164f,0,0,0,1
apereo/cas,gradle,32a5e5de26fd70c1229efe7d66676228c663d1fc,0,0,0,1
remkop/picocli,gradle,bd48d6f3934c25876931dce5fcc3677dbfc1f410,0,0,0,1
shedaniel/roughlyenoughitems,gradle,303fe1b4564b0f7df38df59453e761e4a279dea5,0,0,1,0
hortonworks/cloudbreak,gradle,ef36a65f738b4ebc9bf5d932133621ea085808b8,0,0,1,0
numenta/htm.java,gradle,886f7cf8dd566b0b1309131910cb4f3291d59ed5,0,0,1,0
stleary/json-java,gradle,d6227c83d79be51fe9efda7a55a6ec2850fdfd78,0,0,1,0
micdoodle8/galacticraft,gradle,c1efd55b12016cd9c8e8eb71f46c3f883e5685ce,0,0,1,0
liferay/liferay-blade-samples,gradle,40f35e646c965ee7969e243cb54299989d373c7a,0,0,1,0
team-rtg/realistic-terrain-generation,gradle,71a9c7104414ac0a91a50e26c15815adb3a1ac60,0,0,1,0
epam/ngb,gradle,30b40b2a88489d729adadb17d8184c2c996ecf19,0,0,1,0
meteordevelopment/meteor-client,gradle,42e5a26bc84945d5a52df30f3add0a34b36665c5,0,0,1,0
nationalsecurityagency/ghidra,gradle,c788a0122800bf94f36b56a009c2980e8b34d7f9,0,0,1,0
webbukkit/dynmap,gradle,a843bab3a390cbac3b9830162ebbe2b0c00c7c2d,0,0,1,0
spongepowered/sponge,gradle,e0ecf13796f6a0e6dd0da5e36a6c549f7de6f857,0,0,1,0
conveyal/r5,gradle,564b0ac328b384e75d2481bf6600f33992def38f,0,0,1,0
microsoft/mssql-jdbc,gradle,14953c2d73441eb144dbb86398751d04365a0508,0,0,1,0
asterisk-java/asterisk-java,gradle,8382171f50eb9d81b4d1076fa35e118c5a318908,0,0,1,0
opensearch-project/opensearch,gradle,546ab21989a27ae52cd557621ffac77ef4b09530,0,0,1,0
techreborn/techreborn,gradle,d3e326e5e7756a3da0b7b2947baecba9326ded64,0,0,1,0
bitcoinj/bitcoinj,gradle,cc64779e286b7ce618c4cfe41bedbe2d7de540ea,0,0,1,0
crafttweaker/crafttweaker,gradle,1ddad36d8f3045073e734a04106d48052442bfbe,0,0,1,0
blusunrize/immersiveengineering,gradle,0f328bd3da179f9da730dcec9587564456cdefaa,0,0,1,0
elastic/elasticsearch,gradle,a2c3daead1eaa6b012c7bda03ac76cc2ad88366a,0,0,1,0
real-logic/simple-binary-encoding,gradle,9b9786c5500a560d0d395e3686ea6e7ead95e2dd,0,0,1,0
box/box-java-sdk,gradle,f2e86b1c9a8f9314622c626a66eb8e21324aa84a,0,0,1,0
alfio-event/alf.io,gradle,b749bc3c23af0cd6d82f13c8d76165605c2d944b,0,0,1,0
mohistmc/mohist,gradle,66c15903b89a8a43739dd11d97f24e024520e3b4,0,0,1,0
rsksmart/rskj,gradle,41b8d19c4a76911839ea84177e9b6a6a48d14c25,0,0,1,0
nutzam/nutz,gradle,5b8d0ea63f48c48fe8ba0b264827edbb45988b7c,0,0,1,0
incendo/cloud,gradle,3ceecce6f5f86b60f9f6c0082162c829b3133563,0,0,1,0
eclipse/buildship,gradle,f8a41d8a7959b9ad9cf774c2cefcd4f3ebd38a82,0,0,1,0
sirixdb/sirix,gradle,0e4449c25ffd644a4c997e7caf74027c6d5e1786,0,0,1,0
gnembon/fabric-carpet,gradle,b93e3238b78da96a38dea4bb618387eb00765f5f,0,0,1,0
airbytehq/airbyte,gradle,0b9b8ba4728dcb6e39bc6ee961e6d6ccb26d387c,0,0,1,0
real-logic/aeron,gradle,98f2931f0c4b28f90380e1ad598cdb4ae4cbe396,0,0,1,0
bcgit/bc-java,gradle,9f95e5c710732bd8c703299b9d5ca1eea6f1317c,0,0,1,0
thargor6/jwildfire,gradle,9e92ee809ba9800d17ab60a6ec124d0bcaa3e35f,0,0,1,0
mplushnikov/lombok-intellij-plugin,gradle,272ace7f284085d36a5dc78daa2bf58fd31f2488,0,0,1,0
rptools/maptool,gradle,d76d1d0a162289bca71fc697ce668b9f5766f8a5,0,0,1,0
eclipse/golo-lang,gradle,a2fbcfba3c09ed4c6b56e20f7a300729c89332ad,0,0,1,0
mission-peace/interview,gradle,94be5deb0c0df30ade2a569cf3056b7cc1e012f4,0,0,1,0
thaumic-tinkerer/thaumictinkerer,gradle,ba1dee0ac16c3a30f592577f75aa3bb7989be773,0,0,1,0
gregtechce/gregtech,gradle,7230afe080702521f35f550abdcabc85ab846817,0,0,1,0
apache/incubator-eventmesh,gradle,09b9a22151d4fa2a8cd9850b7dac74e85d29e055,0,0,1,0
halo-dev/halo,gradle,c3536cb8ce3be22acb597f1c0ce413c316c4429b,0,0,1,0
bisq-network/bisq,gradle,851bdcf9ff0133462aa6e4e742fe59989a2d0db1,0,0,1,0
mapbox/mapbox-java,gradle,1a1f4e2ba3fccc3ced041d5b7becf0aff0d9d4c7,0,0,1,0
spring-cloud-samples/spring-cloud-contract-samples,gradle,aa9701d22a7e8ac769444550bf3203609d62d3c4,0,0,1,0
biscuitdevelopment/skyblockaddons,gradle,1835470a38ecb1b657612ece2ea494ddf09d785f,0,0,1,0
yelp/nrtsearch,gradle,eca2c338f35447a535e365f443aee3a5d2112a8a,0,0,1,0
forgeessentials/forgeessentials,gradle,859c9f89eb501f0fc93768a08b4a719567adad58,0,0,1,0
akasolace/ho,gradle,541ef29de41c0d63f16270c5d6ddaba800ad1156,0,0,1,0
lothrazar/cyclic,gradle,646fc610ba78c8aeecf2472a1b734df89e10444d,0,0,1,0
triplea-game/triplea,gradle,5aee56f2a77740bc370f0548f907357d02fc55c5,0,0,1,0
ripmeapp/ripme,gradle,f5a2167f0af0b8d13d199c4ed6838703dfc0134d,0,0,1,0
etcd-io/jetcd,gradle,aa057f86003f941a8e685e87df4d4d0980a95dd4,0,0,1,0
broadinstitute/gatk,gradle,f31f0198f78c7ae34add4b54602c48b4bc791dda,0,0,1,0
apache/incubator-tuweni,gradle,73165cb062017603e475d6b9dc3f67523a9835fe,0,0,1,0
flutter/flutter-intellij,gradle,5863d452c36405602694694692ba5d11dca72efc,0,0,1,0
zoinkwiz/quest-helper,gradle,4f1b7acff8b3bba8f656ac4f9ff6fde4d40251b7,0,0,1,0
agricraft/agricraft,gradle,95616bcb9769c39dc6a5cacc44b5f45d13bdd7e2,0,0,1,0
openjdk/skara,gradle,626937d35d2bc6c7a426ca25717b571fc9a4af0f,0,0,1,0
tronprotocol/wallet-cli,gradle,f8c542f1c0fa45e882640ffadf988118cea7cd7a,0,0,1,0
microsoft/applicationinsights-java,gradle,04dc9dbcaa91b705d95294108c31ef2bf5c838c2,0,0,1,0
fabricmc/fabric,gradle,6d0fac422f959257199eeedfbc224431ce60049d,0,0,1,0
graphql-java/graphql-java,gradle,992d95fe43e7b86a9299921d2ac1822bd3e9e204,0,0,1,0
spring-projects/spring-social,gradle,e41cfecb288022b83c79413b58f52511c3c9d4fc,0,0,1,0
pcgen/pcgen,gradle,606405c85102c791863c1e4f83b71ed1aa059277,0,0,1,0
railcraft/railcraft,gradle,87f617ca76dc6ebe64b55779ab529f86b811dc87,0,0,1,0
sleepytrousers/enderio,gradle,9249b7e01fd73c7bc92a2fd60e768c1ef5b39fd3,0,0,1,0
tootallnate/java-websocket,gradle,bcfc9675d61193980f38d5f0b3401ea787bbbe5f,0,0,1,0
bardsoftware/ganttproject,gradle,d918b6d363b91f645a6413d801bff80141051e8c,0,0,1,0
scada-lts/scada-lts,gradle,7c8b8d319098ee7bddc04beccb3bd78bb5b0504f,0,0,1,0
junit-team/junit5,gradle,f4ef4b9e607579dd0000d4bfcfe6a34b39823b53,0,0,1,0
magento/magento2-phpstorm-plugin,gradle,e26567d6c49ce9c3cb3b018c65a0b6318e9cd261,0,0,1,0
protocolsupport/protocolsupport,gradle,8264c9ab9cb34b2e153c48aa883a8e29f456f277,0,0,1,0
opencubicchunks/cubicchunks,gradle,355923c35ca350482a06ce120fd01474696cd86d,0,0,1,0
fabricmc/yarn,gradle,bc8d8a806e4a04c24b8ba028fb6727ef507030a2,0,0,1,0
linkedin/datahub,gradle,417b555fef6de5bf28d66df484ed7488123b2d83,0,0,1,0
spongepowered/spongeforge,gradle,33d91e8cfe0a66aa4bc26156332e8e1ccedde8a7,0,0,1,0
igniterealtime/smack,gradle,61d56aa06a01debceca98a3b54b7a69be956d03d,0,0,1,0
stanfordnlp/corenlp,gradle,b53834498895c08740f2157815321b8330d09650,0,0,1,0
vividus-framework/vividus,gradle,cd4a995163764c8ac0717c0825ad400113e2eb4b,0,0,1,0
microsoft/azure-tools-for-java,gradle,2c864e1e2debd38ac458af0863c7ee18061d6cf1,0,0,1,0
buildcraft/buildcraft,gradle,977f20a49826093101b986782e9e09a66f327712,0,0,1,0
apache/gobblin,gradle,8e59fb4a67baa4db70695b07a50186ea76dac154,0,0,1,0
yidongnan/grpc-spring-boot-starter,gradle,3b299c61a71cf6d8cd2b4b148da469e25af1f3c6,0,0,1,0
googlecloudplatform/java-docs-samples,gradle,7a4e588f3485bd43f481acbb7db61cb3b7484ecc,0,0,1,0
cinchapi/concourse,gradle,37ca39c6b63455cb60a037c46bb18b8d0f9202e6,0,1,0,0
wttech/aet,gradle,768c1d11b7c53e1252cb3ed446cc0b6df5bbacdc,0,1,0,0
skriptlang/skript,gradle,5dc603effff84222c7888c11a8747b4ec50acbde,0,1,0,0
netflix/metacat,gradle,061aba2e9fb27fe03f366012b4b7ba967a3f062a,0,1,0,0
squiddev-cc/cc-tweaked,gradle,72e8fc03d34295acd72ad9ef9d0b3e82f2a83985,0,1,0,0
netflix/photon,gradle,f0428849c1837963311fdd01aa56495325c4fdbb,0,1,0,0
cabaletta/baritone,gradle,8579332cdfc641e9b2f92d82a386e8f235d3b865,0,1,0,0
netflix/titus-control-plane,gradle,3851eaaf539df0f4c10babe4d210b7758d8307a5,0,1,0,0
faforever/downlords-faf-client,gradle,0704f2cbea5c6fc1929ec2b84117000b4d0dfaad,0,1,0,0
tronprotocol/java-tron,gradle,54d4c341fec896ff8bbaff638325c6e79e8c3f67,0,1,0,0
azkaban/azkaban,gradle,db5a0514201ce358818bfe3d19df2b7d288370b9,0,1,0,0
dsheirer/sdrtrunk,gradle,7303e069438da0028e1a2e2694a2579f3f0c7511,0,1,0,0
linkedin/rest.li,gradle,6a17ce3e927bbdef1d5eec5f52ce9b95e353f79b,0,1,0,0
fabricmc/fabric-loom,gradle,cb5c009e1a8978f86e1ce0a0f872ddc20686ae6d,0,1,0,0
ehcache/ehcache3,gradle,43141f0dc99586caf630d4bfe588798e30f35807,0,1,0,0
papermc/paper,gradle,5af80b0ab83f6fd9ae48a80cd317e92718f11882,0,1,0,0
cc-tweaked/cc-tweaked,gradle,ea7a218f4a875ad613141b7d410dfef6beeebe35,0,1,0,0
ldtteam/minecolonies,gradle,13273158d63a938b2272f83a81aebb4744153d0c,0,1,0,0
otto-de/edison-microservice,gradle,a06d6c21cd4345976fa81d9d40352f59a3e92335,0,1,0,0
tony-framework/tony,gradle,3a50c6be60094f2d14a6e012ba139ba76d4274f3,0,1,0,0
creators-of-create/create,gradle,b3cf7a6f902bfcbe7ec688a63c5bb6056ad766d3,0,1,0,0
apache/poi,gradle,d2167b007a31d0f21c854f78b229153a32517527,0,1,0,0
zaproxy/zap-extensions,gradle,889867c8556897e07169c61bebfb81bc13c6cf6a,0,1,0,0
appliedenergistics/applied-energistics-2,gradle,3cecdf2f7794b771303eaee2957b75121a8ca83b,0,1,0,0
scalar-labs/scalardb,gradle,234df3de28645f0eda8625ee21c51103819bca73,0,1,0,0
netflix/priam,gradle,2df7b1cd3779922cc36e3a2ee9161fd341ed629e,0,1,0,0
netflix/eureka,gradle,7bd463f1f2666b9439a865cbc89bb8424a60e36b,0,1,0,0
univali-lite/portugol-studio,gradle,4ddec5e32e27e279a7b02fc71d1057295e18c405,0,1,0,0
fxmisc/richtextfx,gradle,1f3cdd5245b12135154741141c1b0946c2c1676d,0,1,0,0
senx/warp10-platform,gradle,1c0c0884e7293d36984af5ecc703f626d3b62cf0,0,1,0,0
improbable-research/keanu,gradle,99de10a15e0d4b33d323093a5cc2dd10b31c9954,0,1,0,0
lenskit/lenskit,gradle,ed85d9529d20dbc475c79a43f20f01d6fb233f8f,0,1,0,0
apache/solr,gradle,b532f4dc604d01dbddd8e45ee5cc16d3e3afe0b3,0,1,0,0
chunky-dev/chunky,gradle,c85e44df25b5ad2f33960eb3325e3ef433217116,0,1,0,0
uportal-project/uportal,gradle,6327b4f20dadfe28e09e3426ffc04e5c6372ea39,0,1,0,0
gocd/gocd,gradle,19770455ce2bd5ecba236a0e3ccc465edc3a1bb2,0,1,0,0
mezz/justenoughitems,gradle,496b10a7d656a981c8d2600a9ca867d955d716a2,0,1,0,0
tomakehurst/wiremock,gradle,893923de294e317950080e35874e336200cc9757,0,1,0,0
mcreator/mcreator,gradle,b168c0c5ad94ba4336b8ad110cfa4197f8f09291,0,1,0,0
jabref/jabref,gradle,fd9cad8ed1a5c60d9bf256b89469d88920e61caf,0,1,0,0
terrafirmacraft/terrafirmacraft,gradle,b1b0092646c456d12189a78cd4287e63d5f6d4b3,0,1,0,0
minecraftforge/minecraftforge,gradle,394e76eed3ee54476528a0150090714fa9ba672b,0,1,0,0
foundationdb/fdb-record-layer,gradle,233a72a51182a1f35b9bad34ac29b127a437a12b,0,1,0,0
apache/geode,gradle,eea10019d65f68b9ab1303762f568844e1755bbd,0,1,0,0
apache/bookkeeper,gradle,ebf716db3128e2a43e923fc60194570fc770a968,0,1,0,0
apache/samza,gradle,35e9151f185c45497fce0976d2f97919be02bdee,0,1,0,0
discord4j/discord4j,gradle,55e807da2e9c73a7852d47776978652da3615839,0,1,0,0
treasure-data/digdag,gradle,bd66ae80a4e28d8289a687e43320cfdeb7842b23,0,1,0,0
apache/beam,gradle,79496b2ff9f65c4584fa1a7a8e9630ffd6d16222,0,1,0,0
spring-projects/spring-framework,gradle,ebfec822cbc728d3f28f96261952812cc933866d,0,1,0,0
jaegertracing/jaeger-client-java,gradle,a38f9374d280dd8c54acbe654b79e9c959deec13,0,1,0,0
yanagishima/yanagishima,gradle,59e1ca059f120decc6b1dbc655b1393e15feb977,0,1,0,0
ls1intum/artemis,gradle,daa4e1568529a87f6ac8cd1d49eafa06fdcd0d3e,0,1,0,0
mekanism/mekanism,gradle,94bb81ee61e9b252f0d7c73b258c921878265f17,0,1,0,0
sonarsource/sonarqube,gradle,bde46f38a61a418cbe88adf46c8c5b2de4fea8a2,0,1,0,0
umple/umple,gradle,43ebc1a7e3a644a6d8263cbb355e461687aae331,0,1,0,0
unclebob/fitnesse,gradle,e4862406bb6db475cf65d806d27050680bc77af5,0,1,0,0
netflix/hollow,gradle,5f4e6a4048230f657214829f49e55842095220c8,0,1,0,0
enginehub/worldedit,gradle,ff29595d0d163aec8eff60230ff7701ec69ee708,0,1,0,0
uea-machine-learning/tsml,gradle,acea84e4eeb583903c02e0da39cd5768b0c79885,0,1,0,0
funnyguilds/funnyguilds,gradle,0f0c9d7ebf9a494aedf26f026b03f2d808e665cc,0,1,0,0
jfrog/build-info,gradle,d4ae15a351bae4824f63c82fe3d56632c79631da,0,1,0,0
mantaro/mantarobot,gradle,7ba97b46ce48be3b3c31f16db2e388355ef2b5d2,0,1,0,0
placeholderapi/placeholderapi,gradle,0798d94449ed5b750d2761503e7ef1c1e6b5f88b,0,1,0,0
minestom/minestom,gradle,ca6f0b1eb5ebdc11436ef3667aa88d6cc8e196e3,0,1,0,0
logisim-evolution/logisim-evolution,gradle,9f01d989e7f0ff332f19b3b9ef1dc21ba2ce340b,0,1,0,0
linkedin/tony,gradle,18c6d34a26c244dfdae0b93434db689c82594564,0,1,0,0
open-telemetry/opentelemetry-java-instrumentation,gradle,d3f8ab6c8232881018a38dba7aa075cc8ec1fb65,0,1,0,0
spring-projects/spring-security,gradle,75abf0cf78a7a573eed48c772cd68f2742aa61ea,0,1,0,0
camel-tooling/camel-idea-plugin,gradle,2821bf2d0e9b67292ab1522cddbbaf7e9837f77a,0,1,0,0
json-path/jsonpath,gradle,fcf8bf6478029a3e2c52871b9c67a7f310c7466a,1,0,0,0
reactor/reactor-core,gradle,bdbc44a2bd854078b9a035b195c134237f8fce19,1,0,0,0
zalando/nakadi,gradle,917b079abb0044bead9a6c694d068851b6a91a8f,1,0,0,0
spring-projects/spring-kafka,gradle,bcdd523bb88eed85f0ae58f937c3dd3feb8259d3,1,0,0,0
impossibl/pgjdbc-ng,gradle,8608ed1ecdf15119cd533266f65cb21aedb1c7ea,1,0,0,0
wynntils/wynntils,gradle,121f1e83e9ade7398f53e1bae202743ca50e3d18,1,0,0,0
qiniu/java-sdk,gradle,ab4414123bdf06c192ec90e5e4651ee623db9667,1,0,0,0
fisco-bcos/web3sdk,gradle,2788e9f5ce478d0f2ffa5e0f9fba2ca7edb444d0,1,0,0,0
vazkiimods/quark,gradle,cc1528170d7d6d1730ff7c8bba9fa008f099b92e,1,0,0,0
intellectualsites/plotsquared,gradle,30d06b7801b449d20ae0088c53922c9a3d6d672a,1,0,0,0
freyacodes/lavalink,gradle,10a35c9398798d8948f4e2dd26b60e3e9bbd1ddf,1,0,0,0
freefair/gradle-plugins,gradle,f7cd7e89621d597d497f21dd7d3dd282b54c2824,1,0,0,0
openrewrite/rewrite,gradle,e2c2000cba473ec73f01dffc68c469ce9ba8362b,1,0,0,0
cloudfoundry/uaa,gradle,2498777b7f731bd09b274d4ce3b85358fc1db617,1,0,0,0
kermitt2/grobid,gradle,beebd9a6b7847565fac86c680919aaacfbc9ad14,1,0,0,0
dita-ot/dita-ot,gradle,71c0fe64c441e35f3cdcd75ee6ae62be4c0ff1d0,1,0,0,0
roaringbitmap/roaringbitmap,gradle,5eb5c2b13ed74bd91ba1f4efdbfd66ee002526c7,1,0,0,0
velocitypowered/velocity,gradle,111d14c3fb8b9f52344c6f1889e08667c894a293,1,0,0,0
micronaut-projects/micronaut-core,gradle,d236f2c8a756b773143fb37a0b87c694ef750dec,1,0,0,0
cloudnetservice/cloudnet-v3,gradle,61530f0f0276a84661878981ceacd72396d2bdaf,1,0,0,0
tonihele/openkeeper,gradle,482486f6116827dc30dd126e17c662b24c37724a,1,0,0,0
micronaut-projects/micronaut-starter,gradle,6832376873aaf2cbb41e467c0ad79d7cc8d9ff44,1,0,0,0
crnk-project/crnk-framework,gradle,50830cf93ec11efef57ff6ece39c9a3f937f835a,1,0,0,0
apache/lucene,gradle,ded77d8bfdcdbf7cc2547e67833434a56f2edd16,1,0,0,0
hibernate/hibernate-reactive,gradle,cd8d50c851a2a3a528e77555c214fca20693a7a8,1,0,0,0
palantir/gradle-graal,gradle,02196418789094b40aa084cc249a65c2cd5e1864,1,0,0,0
asciidoctor/asciidoctorj,gradle,0796989a3ec6ef6e38f7baf05e39e5ca75789df1,1,0,0,0
graphql-java-kickstart/graphql-java-servlet,gradle,e73cab6509e7d80e9cc125ef652b845e8dfa4c51,1,0,0,0
line/centraldogma,gradle,fda2b789f2c85770aa0b7573e0c35d7cf9f3b005,1,0,0,0
odpi/egeria,gradle,97eccdf439d3a8fe0ea13b19aedfde1f9f10e673,1,0,0,0
googlecloudplatform/app-gradle-plugin,gradle,b11124b724ca16f5393ea06aa9184119c96a9516,1,0,0,0
synthetichealth/synthea,gradle,a3482c856d30410e438047845796095a827cca41,1,0,0,0
spongepowered/spongeapi,gradle,1a5f417bb012da8805c3deed04e94538fa9f18e3,1,0,0,0
kyoripowered/adventure,gradle,1916c9ad48c8d528469dbe07913da716792aa86b,1,0,0,0
broadinstitute/picard,gradle,843f2dbf9e95eba53a7920b17ab4d2ec530131e2,1,0,0,0
square/moshi,gradle,48e6dd3f03fb54dac51cc26487d66c4977d1543b,1,0,0,0
resilience4j/resilience4j,gradle,809080dfcdf2a72efd27c5b1ad0e78d8c4c00176,1,0,0,0
vazkiimods/botania,gradle,ad32f0dbb2e40a05cf3a12759413053080fb91cf,1,0,0,0
kobylynskyi/graphql-java-codegen,gradle,7867eefac51144ac49103d302e12eed63b76cb4a,1,0,0,0
netflix/astyanax,gradle,7c57866e0056afb76109e351b5a86ab063224ff6,1,0,0,0
haehnchen/idea-php-symfony2-plugin,gradle,54e60d677723c4bb41471f43e39299478e87a03c,1,0,0,0
edumips64/edumips64,gradle,bbb71d86d838d1cbf6eebae3d839e3f3e2528aa2,1,0,0,0
traccar/traccar,gradle,f78da0d7ead0e445f129eac486cc468bedff7c73,1,0,0,0
jpos/jpos,gradle,f823d66eb489f2eb01aba8805b1cced4c493de1d,1,0,0,0
vazkiismods/botania,gradle,944ac4968c186d31faa7fedcdd5b2b2a6fa713f5,1,0,0,0
hyperledger/fabric-chaincode-java,gradle,32321f44f84fdcdf219659666afa6fedbfddf220,1,0,0,0
nats-io/nats.java,gradle,04eab7f77ee8307bb9c0f6cc2d071bf2b4751cc7,1,0,0,0
linkedin/ambry,gradle,8652e0810542156a66e14123617f712501375017,1,0,0,0
spinnaker/halyard,gradle,4185c3edfd6fb08cd4b0d3809919de5c1c742934,1,0,0,0
1c-syntax/bsl-language-server,gradle,e6da12a6eff3fdeeaa067475eeb9c941c182d449,1,0,0,0
irisshaders/iris,gradle,723140bc1b7cceee1ae5892377cf664a9ed3e5a5,1,0,0,0
apache/iceberg,gradle,ce65722cc9f7d5ac6fc705c5c2a2c60d4d9ae8e8,1,0,0,0
spinnaker/kayenta,gradle,2c8693b004a578b674c11ff6c43c79932d94cb4d,1,0,0,0
eclipse/lsp4j,gradle,40a1fe44015626f8ea63dd7ed36ebbd5a1ce84f8,1,0,0,0
teammates/teammates,gradle,867999ad3f5f6c970e2192194323d2267069cf59,1,0,0,0
jenkinsci/mesos-plugin,gradle,7da7bc60883eec7fbb8e1fe888500d735bd297ba,1,0,0,0
minecraftforge/forgegradle,gradle,d7f35edc7d48903942ae21461301e18d4146c200,1,0,0,0
ignatov/intellij-erlang,gradle,380392a5843da494233f5a21c4e53079a43f5510,1,0,0,0
jbangdev/jbang,gradle,8b7c155c6a0634d980ae5aa6231d2d7d7a935dc6,1,0,0,0
google/sagetv,gradle,c84ccc9d22d62872d69e93d5f58c4b86abee7fe8,1,0,0,0
cbeust/testng,gradle,d615583e2d63c809e9cf02357cb5338be24198ab,1,0,0,0
palantir/conjure,gradle,f0795085309906f88f6ec16376da45523d40fd21,1,0,0,0
jenetics/jenetics,gradle,466968c5f0b2078dd774069120691b1518aa08f5,1,0,0,0
domaframework/doma,gradle,17666f8f960376074fd2133b542e44dd79a38ad2,1,0,0,0
selenide/selenide,gradle,088892b9258dbb13d48464f2e6935f367f5a5656,1,0,0,0
hivemq/hivemq-mqtt-client,gradle,9d84ea9ffef3567d6b92a21acb762e55051fa438,1,0,0,0
bonitasoft/bonita-engine,gradle,12160bf68eeefa4d10c0af6929701162086ae9de,1,0,0,0
rsocket/rsocket-java,gradle,a87abdfb883a49e815b000d2ddeb493e3deb0966,1,0,0,0
jbake-org/jbake,gradle,5a47ac1412978ecd1118be3b9657945bb56a34b9,1,0,0,0
linkedin/brooklin,gradle,ebefcac36b09ecf9593e8ddcebfbebb5ac1abafa,1,0,0,0
spockframework/spock,gradle,4424e1c2c9d46330aa7b630be3592704381f9910,1,0,0,0
apache/kafka,gradle,43bcc5682da82a602a4c0a000dc7433d0507b450,1,0,0,0
micronaut-projects/micronaut-data,gradle,17b7a5a976c8e82ab13f7ae5e18a875dbd658619,1,0,0,0
ical4j/ical4j,gradle,2f38669f6195c9100815b41474e0153e93fc5005,1,0,0,0
micronaut-projects/micronaut-security,gradle,7414463e2f343e30e499ae7dee6545f6e3f4d3fa,1,0,0,0
webauthn4j/webauthn4j,gradle,c2aa4f807a9d59b1fdab1d37dc74f29f688f29c0,1,0,0,0
allegro/hermes,gradle,d6cce21ceec9b9651fcbf3d60059b3dff187d06e,1,0,0,0
randoop/randoop,gradle,370edf9ed0e47d0c472dcdee79c1a61c5626e24a,1,0,0,0
spring-projects/spring-boot,gradle,c05223d9c888794e48bd764ffb1c82885c574022,1,0,0,0
apache/ofbiz-framework,gradle,d83603f0648b38310183a024d856fb25c9962a3b,1,0,0,0
minio/minio-java,gradle,1ffbf7e20d54cc035197653b402dd2e646da4940,1,0,0,0
apache/jmeter,gradle,062190a2665fdea442e89f0e3a454c75e627b99a,1,0,0,0
awslabs/smithy,gradle,e752700d5d387369e09f2324fb42cb26a1828eab,1,0,0,0
wpilibsuite/gradlerio,gradle,d133a8d0439538b02afb53e4062baffe5073a4db,1,0,0,0
netflix/conductor,gradle,1c853b3239a991416c01efd78350f2c5256edb9b,1,0,0,0
allure-framework/allure2,gradle,0c947e37c98687ee30ce533443392d691059fb6a,1,0,0,0
pravega/pravega,gradle,7077565024cd4645eaab379b17791309a7ebb4eb,1,0,0,0
typetools/checker-framework,gradle,1e1650dfbe45afa335580f67ab9dded0b1adaf2e,1,0,0,0
marytts/marytts,gradle,b33b8b0384df335b0e605ca39619d04911653e52,1,0,0,0
open-osrs/runelite,gradle,2a78ca4c4dffdb579aa96e7a46fe7d6a29d3aafd,1,0,0,0
tng/archunit,gradle,c6710e745e61d154b18bdab6bbee312295912f32,1,0,0,0
eclipse-iofog/agent,gradle,27898b8a1c67bcce19ac1bfac4081ad92d8d5ab0,1,0,0,0
baomidou/mybatis-plus,gradle,734db3a5ec23c05066896fba37e3d0d6e6e5341c,1,0,0,0
samtools/htsjdk,gradle,a4f1f04c81f68c8775ff621dc86eeb9b229dd748,1,0,0,0
palantir/docker-compose-rule,gradle,465d5923411c32781668fdea1d9a1dba293e3be8,1,0,0,0
ballerina-platform/ballerina-lang,gradle,a5ff9b927875c0030e7c1c40c6a03d33b65eace5,1,0,0,0
komamitsu/fluency,gradle,f886a8e90aea017394bd8b1d2cd8b3b3448735cc,1,0,0,0
allure-framework/allure-java,gradle,f18cede3bef36b7f2bec3a47ad5eb982797b027d,1,0,0,0
hibernate/hibernate-orm,gradle,6c53a9d1abf1bb2e38cfbb986a8bb33188aacfb9,1,0,0,0
enginehub/worldguard,gradle,9b665136d0beb92ce2d251acc4919df92f1754c1,1,0,0,0
wiremock/wiremock,gradle,5c6d0a082fa62b7077a47e15e0740104f741de86,1,0,0,0
mbeddr/mbeddr.core,gradle,87a7c2e6ca6c8967e09e19c8e0c0376f58f8ff1a,1,0,0,0
googlemaps/google-maps-services-java,gradle,b2069026c39ce1546813097322cbc9c1179fbbb7,1,0,0,0
openems/openems,gradle,29810c2fa6c639212ac856550b944a2006ec440f,1,0,0,0
consensys/tessera,gradle,d48f107e311931685b9656f0afd36e3683860829,1,0,0,0
palantir/atlasdb,gradle,17cdc174dc9edf3667afc80dffc0b19488ceff9b,1,0,0,0
mongodb/mongo-java-driver,gradle,cd9a45f6be88fb53733887bacf5f87ef30a2ff31,1,0,0,0
inspectit/inspectit-ocelot,gradle,51fc658e4949ce539bd555231944af48b5710ad2,1,0,0,0
tchiotludo/akhq,gradle,4c34033263c46c16644e743ad864657a16538c5d,1,0,0,0
open-telemetry/opentelemetry-java,gradle,4e38ab308bbcee33aeb13359dac31c39f5ef01ca,1,0,0,0
reactivex/rxjava,gradle,391a89d99ca3de47ad8c58cc6ab44d864a5c0507,1,0,0,0
reposense/reposense,gradle,0c605e0e7fd77347c5cbd46b4783b1b8b7485699,1,0,0,0
bndtools/bnd,gradle,f60825709b19639b7eca83c654c2ea1c60cd2ed7,1,0,0,0
elastic/elasticsearch-hadoop,gradle,f510a5dadef79dfbd7d89bfa163df4ac02cbf5e6,1,0,0,0
skylot/jadx,gradle,90a436236dae4ba2ec2fe2a2540588e4c81fde9f,1,0,0,0
googlecontainertools/jib,gradle,b40d2d860d792fc1509b6141c4df6291480b958b,1,0,0,0
apache/groovy,gradle,a9b32f00abca40f7b73beaa2e26a9122a34c1eef,1,0,0,0
teamnewpipe/newpipeextractor,gradle,8e4f9995bfde58da33161b31a9ce03d81072bef4,1,0,0,0
dv8fromtheworld/jda,gradle,6548f7add87dbaba208e68b99e2774a4818bc2df,1,0,0,0
googleapis/gax-java,gradle,19a77a4f6c62e84bba4879690992bbc494730d23,1,0,0,0
google/data-transfer-project,gradle,b37301b303907075bbf72b093211c677c855b3f5,1,0,0,0
jsqlparser/jsqlparser,gradle,60a7d103853cb5e42317b5481207575b4f6c99bc,1,0,0,0
google/nomulus,gradle,2d1a67b01b9018c9e222d39ef5e3775889585347,1,0,0,0
appium/java-client,gradle,07483273030fe97045caa89c01279f9bf3842dbb,1,0,0,0
googleapis/gapic-generator,gradle,724707188c37aff62bf7bb11faa112a5d7a85e01,1,0,0,0
netflix/governator,gradle,87d7a1993e3b8ddb8d00416dcd260870784c0ea8,1,0,0,0
essentialsx/essentials,gradle,680d3230ea382b0cf9f146008a878c9aa9218f11,1,0,0,0
marquezproject/marquez,gradle,6f97695686b8132019288419dd8989ae992c623f,1,0,0,0
spring-projects/spring-integration,gradle,25100d1ac7a58aa70e10f99bfb8a2194c4ccc34c,1,0,0,0
auth0/auth0-java,gradle,66abceed912189311121faabc6ccc1daa5363ccf,1,0,0,0
spring-projects/spring-statemachine,gradle,af4cfc4d70212503ed1b066c859f2c59b387d78a,1,0,0,0
netflix/genie,gradle,219b7874b3849bd717bdcd291b67d99a74fa4bae,1,0,0,0
line/armeria,gradle,117a21e17ec9e30b0c3c2d74d16fdde3cab62434,1,0,0,0
spring-projects/spring-amqp,gradle,18d58b5ef3fb93019c7d00e2983052a97b55a71f,1,0,0,0
viaversion/viaversion,gradle,752735159c6856df419739ff77334295bcf025ff,1,0,0,0
refinedmods/refinedstorage,gradle,110b8ea9b156e9f84e609a8d3a1edbadf37c8121,1,0,0,0
dddjava/jig,gradle,8fbd8d027669dc484c4c43545958abd9d2d56253,1,0,0,0
netflix/dyno,gradle,0552980e8cd3cb81fd4fb83787e44107f13e422e,1,0,0,0
zaproxy/zap-hud,gradle,ee575516163cc6c617873f380257ee826addb92e,1,0,0,0
megamek/megamek,gradle,0a3677c494dcf21bf04e5e92b3dcd7d1b0be4421,1,0,0,0
pgjdbc/pgjdbc,gradle,6b0c868d60a913de63189ad2197726fe3dda3c7e,1,0,0,0
crowdin/crowdin-cli,gradle,2a1d5cf4f19de9bb7153da31b3b113ea41831430,1,0,0,0
linkedin/kafka-monitor,gradle,940dbab5ecc6e0add5fe837b297195488dd6731e,1,0,0,0
spotbugs/spotbugs,gradle,454be6af3b2ee51891a5f0e185452155dfa0a493,1,0,0,0
confluentinc/kafka-tutorials,gradle,1d3e208bbc1b56e890527b83ff7d8cab591661c1,1,0,0,0
zaproxy/zaproxy,gradle,fc7b5e97504f9245a8e6d87eda405b1a3d2311ad,1,0,0,0
asciidoctor/asciidoctor-intellij-plugin,gradle,b2ed01a8db43a3e293bf585715c0579256a2f901,1,0,0,0
slimeknights/tinkersconstruct,gradle,4a3d003015c77a0d183b1248e87c7ebe73c2e452,1,0,0,0
diffplug/spotless,gradle,f9d66c4dc71562a36f107ccc3acd3455c3de835d,1,0,0,0
apache/calcite,gradle,cbe6a7b61d47847d3ceebeaf0c1bef5c18f9d93d,1,0,0,0
springfox/springfox,gradle,ab5868471cdbaf54dac01af12933fe0437cf2b01,1,0,0,0
web3j/web3j,gradle,7054ab324cab0d44a759780e61ee12978fd17490,1,0,0,0
javers/javers,gradle,ad4d336ccaea57357f3f8addc9351c09415dea6b,1,0,0,0
hyperledger/besu,gradle,bba8032883acaa4464d3e4d314f17ea6ed08a65a,1,0,0,0
line/line-bot-sdk-java,gradle,c29637ee05f23eda164f52a1dae0ba975c8c3201,1,0,0,0
linkedin/cruise-control,gradle,ccc75168e0182ee06bb0aeb14e5b259c0555d72d,1,0,0,0
naver/ngrinder,gradle,22ecb8a5799e8a22e9dfc0691461775881810966,1,0,0,0
wayoftime/bloodmagic,gradle,8a6bf4993a03d367a7f4db648cbec0fa77498431,1,0,0,0
netflix/ribbon,gradle,7a57aa9aa85dc8b95e68fbc2b04613c2666d77a1,1,0,0,0
reactor/reactor-netty,gradle,17d5f4e3edab487f50dd3416686d92bf8dcd59f9,1,0,0,0
netflix/spectator,gradle,7b8ff35e2c11311d071c1bd190e58a9fb99fbaec,1,0,0,0
functionaljava/functionaljava,gradle,53ab41a58021a17a109772918c9c02f08ed32f8f,1,0,0,0
freenet/fred,gradle,e3089e82c7d7e43f479f055d69c07e9bfc3ea1da,1,0,0,0
mapfish/mapfish-print,gradle,3cd8ae4122db9a17abdf4521fb74c6e82ec80d0f,1,0,0,0
enonic/xp,gradle,0c1d78a69aace2f4dac907c95ef01291f3ef487c,1,0,0,0
movingblocks/terasology,gradle,990ce8ccd5818d8d808af0ccc3d0cd8f678bcb55,1,0,0,0
wala/wala,gradle,bd6ce3b25120b846df2cc0a78a290651943067d9,1,0,0,0
palantir/gradle-baseline,gradle,7f4de8f7742f529cf98afd5cbb4a6eaf9a1b857c,1,0,0,0
spring-projects/spring-integration-samples,gradle,c7f05cc9fc4ab489eba5a0f5bd413072ce42b181,1,0,0,0
marklogic/marklogic-data-hub,gradle,10483a7fb7ef1777ec660c3caead8b41f1e571c5,1,0,0,0
netflix/zuul,gradle,9fc8189c1f7cf648e786ccc9ca35de924ecbb12f,1,0,0,0
twitch4j/twitch4j,gradle,1bec4f6377a5162d496504040228c9ef655a9e10,1,0,0,0
movingblocks/terasologylauncher,gradle,6a41541d93eeba73aea867b649153753de93a251,1,0,0,0
stripe/stripe-java,gradle,6f93d2c5585af4aca93f4e847da705d6ed7f5e57,1,0,0,0
webankblockchain/wecross,gradle,42068b658a09747a706a747cee565daf04e45a7a,1,0,0,0
alex-the-666/ice_and_fire,gradle,3119316313ee70b240c27ab7f75c448d66ae60fe,1,0,0,0
auth0/java-jwt,gradle,f84584714ef2392b77f058feb1a23a851f9d6b84,1,0,0,0
osmlab/atlas,gradle,88b3e8d8f490fa0d53a77330fa169ec7ad19a682,1,0,0,0
embulk/embulk,gradle,ae81178ed63c4b3a63201c1b89a3f25d2ec39f3d,1,0,0,0
consensys/teku,gradle,24dfaae583a90c2eea9380d84a3d70178769440c,1,0,0,0
fabricmc/fabric-loader,gradle,46aaec34be244ec51df00b90a3774de6190aaacd,1,0,0,0
crate/crate,gradle,22881aac75d5a06b0c9492080d99836bb883daa9,1,0,0,0
apple/servicetalk,gradle,8cf0d869487f1291ecd2029d598b5b0ea7ce3e89,1,0,0,0
spring-projects/spring-session,gradle,5fdbfce4c2459eccaf9d145f1e9be528a883bd85,1,0,0,0
movingblocks/destinationsol,gradle,ca0dc74c9d4ed2a3bd8c1f0fa0013c66c917ff2a,1,0,0,0
hivemq/hivemq-community-edition,gradle,e069e392da488a1f06feb99c2c8cf819c7435d84,1,0,0,0
intellectualsites/fastasyncworldedit,gradle,95ecb5609d731b2990147e5392a3eea2de496e92,1,0,0,0
apache/fineract,gradle,d8d383e054b582ae17b3b19bc533c4815d40e4d5,1,0,0,0
vavr-io/vavr,gradle,e43e44b683467d94df90b38b937db2eaaa6a2603,1,0,0,0
azagniotov/stubby4j,gradle,bc1d71a84b40190808bf59b83b72633195a5fecf,1,0,0,0
glowstonemc/glowstone,gradle,4e23a05213b50d4500186e53333d32d45efc4901,1,0,0,0
apache/pulsar-manager,gradle,803234712e7906885f2765f72407b99398b0c154,1,0,0,0
javacord/javacord,gradle,0eed31c2ce38cfd2c60af6bb82c6cdc61caff954,1,0,0,0
junit-pioneer/junit-pioneer,gradle,5bac897f2057d5ca4180dd9486fb52911b3ea9fe,1,0,0,0
palantir/gradle-git-version,gradle,2880bb854002b39c81608c0931863a4d8d4c7aa3,1,0,0,0
testcontainers/testcontainers-java,gradle,d69602467983709d8bdc5665c83f3a0502a189c3,1,0,0,0
skinsrestorer/skinsrestorerx,gradle,25753326984e32d4a6b557ec2c9071155ac1748e,1,0,0,0
oblac/jodd,gradle,18a7db1dc5434fe3255aae1d21f1bbe7b0354cb0,1,0,0,0
neo4j-contrib/neo4j-apoc-procedures,gradle,614dda7476687349a99efb23c746d2188f572856,1,0,0,0
dbfit/dbfit,gradle,99f71eab51c39748f3b551b724346ae02748d13f,1,0,0,0
sonarsource/sonarlint-intellij,gradle,f21dbe361bd7a04c25e495bc3906fbf0272f6f37,1,0,0,0
micrometer-metrics/micrometer,gradle,abe26291c77aaa4175609a186d0fbc378e923577,1,0,0,0
spring-cloud/spring-cloud-gateway,maven,1dc0e8a14c712bfe80f2174f147ef65e1e4b057f,0,0,0,1
mirkosertic/bytecoder,maven,d56cb3bea60c33eb9e1556fabb20ad47b5e6288e,0,0,0,1
baremaps/baremaps,maven,020340b9fba0f4162c708e6e48367b1b2d0e7b9b,0,0,0,1
azure/azure-sdk-for-java,maven,3d0cb9a6a9729e36c31d2005a0e09381a12c29aa,0,0,0,1
xwiki/xwiki-platform,maven,7b552f38974ef8ccbdd57f29b06a9049bb600376,0,0,1,0
talend/tdi-studio-se,maven,5249e19a8a6e7ec8bfb641728438cc79109d1a17,0,0,1,0
openjdk/jmc,maven,77580fe1b483b4daf8f46938c297185b01f32304,0,0,1,0
nuxeo/nuxeo,maven,03fc18862f1e66a70a4078132142bf9452af4bc5,0,0,1,0
mongock/mongock-driver-mongodb,maven,cfb3aebba7a9a9a75cf6ce31ea9388dff133e2fa,0,0,1,0
kiegroup/optaplanner,maven,9a416682af68095ee392609aa82179e7ab5dad23,0,0,1,0
kframework/k,maven,07918e142f8d5af3e041ffa48eecad089da7e291,0,0,1,0
idempiere/idempiere,maven,4d93067d1a7c74b19cfd702166542e712b2af2c7,0,0,1,0
groovy/groovy-eclipse,maven,2a92d49e1fbb62df2d8fbf975c473689c1592ac8,0,0,1,0
gluufederation/oxtrust,maven,a3121f3bf0ef8d3c8ae0230bfd99b819d7109b8e,0,0,1,0
gluufederation/oxauth,maven,efaa09b9ec3ec923eb15a46dba8f4d0007ba2e21,0,0,1,0
finos/waltz,maven,7389e271350f13db6017e10d40a8c85af909b89e,0,0,1,0
eclipse/wildwebdeveloper,maven,17637a4ebb74808ab30cf26bbc576999fff3c204,0,0,1,0
eclipse/birt,maven,6ce2fee1d3bd2cc4ebdca9d6649575fecfca806e,0,0,1,0
ctripcorp/x-pipe,maven,bd73fbfcc2cfc30c3fb42289b343fee4b3252a97,0,0,1,0
confluentinc/schema-registry,maven,f1c614e4635150d975e9a5fa383466ab08339f52,0,0,1,0
confluentinc/kafka-rest,maven,661ce9186b0c9808aaf4496f454292f6d0148f9c,0,0,1,0
confluentinc/kafka-connect-storage-cloud,maven,227c23e3f5e2f751f8e866a798a2b6d0b28a112d,0,0,1,0
confluentinc/kafka-connect-jdbc,maven,7e9d0c3d561b9725196847fd6fdfb5881882fad2,0,0,1,0
confluentinc/kafka-connect-hdfs,maven,9a5e68d7294a79c40050efd7b51d7428c7f7c4d5,0,0,1,0
codelibs/fess,maven,40684038f340332f4904f9fb8c87b085ab92231b,0,0,1,0
cdapio/cdap,maven,39070b2fceabaddc584191f1edafbb10d844602f,0,0,1,0
zstackio/zstack,maven,ce3eb71d23152e19d96fcefe9ce3fad8c9a88e23,0,1,0,0
zerocracy/farm,maven,48c521f292fa5431c509e0b8b6cd3b679cae5a87,0,1,0,0
zanata/zanata-platform,maven,68c80db891bc816f737fbfd1c77b6f68fb295143,0,1,0,0
zalando/zalenium,maven,4b322387d0a88c6c81fec7466558df1e85fab98d,0,1,0,0
zalando/riptide,maven,4ba93dd669a529ac1f6804534bd11d21a9e33009,0,1,0,0
yuzutech/kroki,maven,eefe845f6790c4e9fbe0f11dd275abb7789f0a0f,0,1,0,0
yegor256/takes,maven,232b69e3c221e96cca7e74fc8041fbb27ca6c37a,0,1,0,0
yegor256/rultor,maven,6282be86a628683e2916f906a0d4348746b17377,0,1,0,0
yahoo/fili,maven,7ccfd9f1aede2cb809c4e21bfc4ae8f472bb3eba,0,1,0,0
wso2/product-microgateway,maven,735057d57f7ee30f6b33ede55e239e8dc610080c,0,1,0,0
wso2/product-ei,maven,e7c4749a5941de443e36085aa6e73fd76ef7424c,0,1,0,0
wso2/micro-integrator,maven,0987a198913c275a6327e7307b2a376560189cc2,0,1,0,0
wso2/carbon-apimgt,maven,8de92014fccd078930726a1e9fd39f238de60d54,0,1,0,0
wocommunity/wonder,maven,4f262036924d8ace6cb5a089b4a0b233a92cdcb5,0,1,0,0
windup/windup,maven,f4ed62d2fb401e597c9391f3a6c54fcb62d33af8,0,1,0,0
wildfly/wildfly,maven,21aacd5dfac6b27bd062e3eebacf44b945500813,0,1,0,0
wildfly/wildfly-core,maven,dbbbf9d69a1ae1b26d95a7db22587b4518cbbe80,0,1,0,0
wicketstuff/core,maven,2aec274cbe47f60846fc24977b69f4f1b0619306,0,1,0,0
wgzhao/addax,maven,d6009687f0b817ab4f89f07b64e5daafa5d8aa49,0,1,0,0
webankfintech/linkis,maven,f96b41efa3f3d1eb68b05f851e2f41d9c9a90056,0,1,0,0
walmartlabs/concord,maven,228b21256f5156bb0eb2e76a3143ce2318c198b2,0,1,0,0
vivo-project/vivo,maven,226ef317687862053cc3569483bac0a58458784b,0,1,0,0
vespa-engine/sample-apps,maven,b4b8ce1436486e2f36af32697e9cbcd666645e0e,0,1,0,0
vassalengine/vassal,maven,28734047c89c598a300d459860b02b4004faa3de,0,1,0,0
vaadin/framework,maven,ded151dae15f0d88c7f8c0a804afb8677ed31760,0,1,0,0
universalmediaserver/universalmediaserver,maven,665b26f62cd24ba56fbb1234428a46d07de9e766,0,1,0,0
unicode-org/cldr,maven,142b3270a38fcad5f32139dca53e4e11ae3196c5,0,1,0,0
twitter4j/twitter4j,maven,51a7414495d3d4d6f20caa476f672fa5e7fdac7d,0,1,0,0
trinodb/trino,maven,43e583667e8fbcb23038f932ccd32f5adc7c5c3f,0,1,0,0
townyadvanced/towny,maven,872cd6335cd06c9f320893051e0bfb2436635294,0,1,0,0
tmobile/pacbot,maven,997c240c123d81cf3f55ff5093127c5fda6119c3,0,1,0,0
thelastpickle/cassandra-reaper,maven,923f02e9f7668f9be2a8ab4e51f51b7de833f662,0,1,0,0
thealgorithms/java,maven,5f424ce931a75ec032573cd85750745286383c4d,0,1,0,0
tensorflow/java,maven,55547dd20b14e1e9cd592a8789e780a0be3ae507,0,1,0,0
teiid/teiid,maven,b57b70207a6e796b6c3c92f7bbcf4c6009993e17,0,1,0,0
talend/tesb-rt-se,maven,96702f31fbad9b54acc3bbd16a49e1cc2d69f36c,0,1,0,0
tada/pljava,maven,1963eb91930ef316abefbd705a7e188070da821a,0,1,0,0
t-oster/visicut,maven,c7bc10ff78bff39dce577dcc840ded6358ad162e,0,1,0,0
streamxhub/streamx,maven,3777c12389d2d2f5a2a2ad8308ac5cea4e88642c,0,1,0,0
stargate/stargate,maven,e7f74afdb54450d5082d1d35cca57b1e0f28859b,0,1,0,0
square/keywhiz,maven,876faf5e95b6402e222e767471752782afcfcfcb,0,1,0,0
square/javapoet,maven,88517888277e3e92cbbdd054228f7f0ff68a841c,0,1,0,0
spring-projects/spring-security-oauth,maven,2b58aafecac336e82f20ea43da9b208b0a4a40dd,0,1,0,0
spring-projects/spring-data-commons,maven,c866b4202527b3acc64e7cc205a98a8aa754cb59,0,1,0,0
spring-projects/spring-batch,maven,d24eb6a6eda857c9a6123795c76b11264622894e,0,1,0,0
spring-cloud/spring-cloud-task,maven,06ed67af004b0375719a3309f6b0406b9acbdbdf,0,1,0,0
spring-cloud/spring-cloud-skipper,maven,7c3759bb444e339f1d0fa1db0e8f67c1a0794612,0,1,0,0
spring-cloud/spring-cloud-kubernetes,maven,499fe8067baaa8da2111aed9efaea1d6e1a1f3fa,0,1,0,0
spring-cloud/spring-cloud-deployer-kubernetes,maven,e2d29194bc871e70fdad7cde001f6e4a4159dbc5,0,1,0,0
spring-cloud/spring-cloud-dataflow,maven,de041efde9f7d3a4a90de2a0be47a1d0e9994238,0,1,0,0
spotify/helios,maven,0b2855955dc6f3268e772252d84861082a516b6e,0,1,0,0
sonarsource/sonar-python,maven,54e74cf2ae7c108983010c33a225fed93295e73d,0,1,0,0
sonarsource/sonar-java,maven,8af6267af4b11b18f768409097c78876fe4943bf,0,1,0,0
sofastack/sofa-tracer,maven,93d69426956a166cdf3eb1f411feda02d50d1e1c,0,1,0,0
sofastack/sofa-rpc,maven,c3439c94618dfa48f13bf5ac58575fec06bb7ee4,0,1,0,0
smooks/smooks,maven,39858eccb80f73b93cab3eb3bf9bd5add79e495c,0,1,0,0
siddhi-io/siddhi,maven,a3c9c6bf4095bd50656a290071b456d1c84fbbd8,0,1,0,0
shifuml/shifu,maven,20f589158adfc011c505664cf7bdf31e36ed62fa,0,1,0,0
sevntu-checkstyle/sevntu.checkstyle,maven,cefca4d148571e09a0c535a4eb2dd5295f6c4550,0,1,0,0
seata/seata-samples,maven,bbc2a713a7281e6305e36977eeee206309027ebb,0,1,0,0
scouter-project/scouter,maven,376c37976f59266b6cd25080a6a15661c3beb4f5,0,1,0,0
sakaiproject/sakai,maven,4d2c4d57d83abe90f89e1e023b0fec2efe3e3738,0,1,0,0
rwth-i5-idsg/steve,maven,af678cbcdc1ad19e7ad25d0b6ab6a51b931fd2fb,0,1,0,0
rws/odata,maven,19cbe2c6f1c2bb8ae6b6583c3a6a099d57c4d71e,0,1,0,0
resteasy/resteasy,maven,50b155823b7f3cced210346b2703f93eba8e9d70,0,1,0,0
radargun/radargun,maven,b5a1805fea3b474618cbf3d6279dc148f1bc98fb,0,1,0,0
rackerlabs/blueflood,maven,b952e85740f232a432c6b7b5a0ae491a5b24c39f,0,1,0,0
rabbitmq/rabbitmq-java-client,maven,7fc11b197f794421056634fc14e9a9558daa0d8a,0,1,0,0
quickfix-j/quickfixj,maven,fe978744337efadeca88f04b1aa6e654d2b1c580,0,1,0,0
quartz-scheduler/quartz,maven,cbce9b6d066980e5f2af2a35f1c83917f4db5b48,0,1,0,0
pxlsspace/pxls,maven,57e4b0deef5a4ca78b1a90983c3c84b1d8a1fc23,0,1,0,0
prestodb/presto,maven,b7f31ded9cdd68ff6486941fc7e0a4de260c3113,0,1,0,0
pinpoint-apm/pinpoint,maven,ad8b28853ac2cdd9685c43062127f0d1f61ad7ba,0,1,0,0
pingcap/tispark,maven,f5c8c577ab29e68703e6dc85c3776822aebcc6a6,0,1,0,0
phoenicisorg/phoenicis,maven,11f7c371e4c09c226827b6e5d31b3f6a78e62f15,0,1,0,0
perfectsense/brightspot-cms,maven,cf4a82b26ff12efbfc9c9f47b1ce589377ca1d09,0,1,0,0
payara/payara,maven,088291a379bb51b09b94f4e169995bc1f7c93189,0,1,0,0
paulcwarren/spring-content,maven,911d2099d2e0a18bc3e2c61a310b13d1ddc63801,0,1,0,0
oracle/weblogic-kubernetes-operator,maven,59b914c1d778db9b33bb70fb15e3c3e171cc0ff1,0,1,0,0
oracle/opengrok,maven,1a64b7d0f709c7f478e9e5bbc504ec1274488f4c,0,1,0,0
oracle/oci-java-sdk,maven,b5c75c9d06db97b8f37d5bbef46b3a3fa92fb43b,0,1,0,0
opentsdb/opentsdb,maven,877cdfad2e456b566f366f8ccbb9cbcdbdaa2836,0,1,0,0
openrefine/openrefine,maven,782ebf1a0347e190105f93e1837edd491caaf653,0,1,0,0
opennms/opennms,maven,f185f7ff1fabf1ffa18b140365c9ab4bf7342bae,0,1,0,0
openhab/org.openhab.binding.zwave,maven,89676720d396bedd758f32d620255d53920813e2,0,1,0,0
openclinica/openclinica,maven,e46944f8719fec87ef005d3a8151541844d7fed1,0,1,0,0
opencb/opencga,maven,fa11331aa56d0bf676ea5ad350c6f0b4f4e5781d,0,1,0,0
oneops/oneops,maven,54780ad3de35a285f3d00baeb9be49e54f47619e,0,1,0,0
netty/netty,maven,f622a52d62b78d4bda9fe410839f73e70f2af9b7,0,1,0,0
nationalsecurityagency/datawave,maven,5f3180c8f9809e1590380f3a1583c64ad698242d,0,1,0,0
myrobotlab/myrobotlab,maven,9e751a610ac14eb0e32cbb82f127efbdd43dc2a4,0,1,0,0
mycatapache/mycat-server,maven,12c98fd50b90f76f1717f95afacaa1cb79d1a40b,0,1,0,0
mulesoft/mule,maven,c412a9cb8b6dae209114f00bca694c095b963551,0,1,0,0
milkbowl/vault,maven,76d6ab9098a2dc3db676b5fa5acdbe3086818c8f,0,1,0,0
mewna/catnip,maven,80429da817ed92a1975c9bbf4d87e383b57c301e,0,1,0,0
magefree/mage,maven,8a19074ad879fd87d9660ab88700405b4bb57706,0,1,0,0
ltsopensource/light-task-scheduler,maven,b61e6ae4320d5bf63d803ed0ccc33894d854539b,0,1,0,0
logicalclocks/hopsworks,maven,609620bb26af22f6117ec3a2face1308f67230bd,0,1,0,0
locationtech/udig-platform,maven,e0533da0f25b54e6ab5371a1a4510594a00f5c29,0,1,0,0
kiegroup/droolsjbpm-integration,maven,b9d4a7be04e5ecf053c6c79d08b369249b51d6b7,0,1,0,0
keycloak/keycloak,maven,58d403cf24e6d57d2776d6b85f914db3eecf331d,0,1,0,0
keycloak/keycloak-quickstarts,maven,3c089af756d3d595f5935b39cd3141a63a52bb40,0,1,0,0
karakun/openwebstart,maven,632027a29a8396877aec5e0ccf385cd463b0cca7,0,1,0,0
jolie/jolie,maven,47d15eabd37b1a6a2b6727897821fdf379b57cf6,0,1,0,0
jmrozanec/cron-utils,maven,cfd2880f80e62ea74b92fa83474c2aabdb9899da,0,1,0,0
jenkinsci/tfs-plugin,maven,aea4ce0f1fd82668b1ead7e2aade2ffe36a32a10,0,1,0,0
jenkinsci/performance-plugin,maven,0e0d3e74e2b8134a733e96cec235990b166e71b7,0,1,0,0
jenkinsci/ghprb-plugin,maven,0b68159ec2e277f32d140584505d21e81fb2245d,0,1,0,0
jdbi/jdbi,maven,9d92b99c6cb6b4f2105e1508dcb97af5ab2b7373,0,1,0,0
javalite/javalite,maven,95f33fd0f7602056f62f58634018521a5311df8c,0,1,0,0
javaee-samples/javaee7-samples,maven,74e9b841c59bed16070f6fe313f9a64e546ab78c,0,1,0,0
jaeksoft/opensearchserver,maven,a83a7b872c2085bde45cb2d5d13eccd318396ad2,0,1,0,0
iterate-ch/cyberduck,maven,37254eedf7950f46447be471cc70b056811071c9,0,1,0,0
internetarchive/heritrix3,maven,c46cfd1c31a11bee3dfdc960cbe9475aa31150cf,0,1,0,0
interestinglab/waterdrop,maven,37608a7c340bc3fa49d9fa508437614800e3dbc0,0,1,0,0
interestinglab/seatunnel,maven,04e3d7a36d563828190e2f6f315e302fcf532809,0,1,0,0
interestinglab/earth-fleet,maven,d144ba770ec55a48088460d27b5ecc258fc0db7d,0,1,0,0
intel-bigdata/hibench,maven,576a0db94d3970f428d8bfd68233405f4be40447,0,1,0,0
innoxia/liliths-throne-public,maven,86f5e2dcd7f5ce05381b334a39463f8a444d1bdf,0,1,0,0
infinispan/infinispan,maven,cf43484a2bfb18407778e05d8dee24d389b9924e,0,1,0,0
hyscale/hyscale,maven,87c78a3bb29cc6b40d64c816c9c801663c62df5d,0,1,0,0
hurence/logisland,maven,a638a0c47ec65894370969ec8d1a65bd7a67402b,0,1,0,0
hugegraph/hugegraph,maven,43b8ae7bff7cdec5a8659af06eedc56307de4d2c,0,1,0,0
huaweicloud/spring-cloud-huawei,maven,e378986e8cc265418ca6040cfda2d0adf1d46902,0,1,0,0
hortonworks/registry,maven,8e86df135aeebc0c4c8dad582107da3ecea82617,0,1,0,0
hopshadoop/hops,maven,5e7c40d4d44162efd73f616740d4e53d7674926d,0,1,0,0
hashgraph/hedera-services,maven,df8987644d3c50e02f7f5f53f223365d12d36f58,0,1,0,0
graylog2/graylog2-server,maven,c27cb8fe75862d459b3bb6f2e09c7580d0b6f8dc,0,1,0,0
google/closure-templates,maven,4b1225388eed963fef5fd61ba32ad0bf96936839,0,1,0,0
google/auto,maven,66c620dc6d2682222d08ace43541b9976f13b3f4,0,1,0,0
ghost-chu/quickshop-reremake,maven,8839a9acc1ffd4d16477ce68ec9bd18e86983a73,0,1,0,0
geysermc/geyser,maven,0b35449fb71861362c31d4f8195a6d66774a690a,0,1,0,0
gchq/gaffer,maven,ee0e5756c986f23cfe821f16c45c7115d18e242f,0,1,0,0
g-research/siembol,maven,99bdf46693e16f7509c0c287418f109e9f84c7f8,0,1,0,0
forcedotcom/dataloader,maven,f579f5b64e6015441067d95217aaabb0b11f3b4d,0,1,0,0
fabioz/pydev,maven,dc6ca139e887e7219290ee7cb90e1a8750eb864d,0,1,0,0
exist-db/exist,maven,fdea44f3c7ca5c38fb566d41d6ae1800e72970e0,0,1,0,0
errai/errai,maven,06452c3e44d92ee1e9df225a7ca1262a2becea1b,0,1,0,0
eclipse/vorto,maven,dd2ad1c130989fb84197e033db27ae83eedc3cb4,0,1,0,0
eclipse/repairnator,maven,69e66adecff1a451ea714cb4b80e4458d794288f,0,1,0,0
eclipse/kapua,maven,ff685334ec3f3fa90ce4d00c64b297356c5ade2d,0,1,0,0
eclipse/deeplearning4j,maven,2f8487eaf3e1e5e679b6bd1787ad5946ea9eaf1f,0,1,0,0
eclipse-ee4j/yasson,maven,7a5b15a0b1e94fd23915a3a5da0157694c09bff6,0,1,0,0
eclipse-ee4j/cdi,maven,e1d6532d295dfb97a3b25373cc14614db614eab2,0,1,0,0
dromara/hutool,maven,0d8dfb73d87c28d2633a7826cc9a16f8a476372d,0,1,0,0
dlsc-software-consulting-gmbh/preferencesfx,maven,9e46d30d8ecf6f5a9af8283b0b667a82261a51f9,0,1,0,0
dianping/cat,maven,d8033c988b825f35fc06c20660f4aed927e43465,0,1,0,0
denizenscript/denizen,maven,c1887c489ebe2fbd62293386f4266e905a390c25,0,1,0,0
deegree/deegree3,maven,d31360f6baa788c70f429ee29dcbdbd32f60b500,0,1,0,0
datastax/java-driver,maven,0a7b1c86d077b74ceb203bd356b214727ab416e1,0,1,0,0
dadoonet/spring-elasticsearch,maven,b4b61e03a4480da78b25980fe7422eda01d327e5,0,1,0,0
dadoonet/fscrawler,maven,f6238f5aa1b1cebee9b9f0c87c26c088a7d1e6bc,0,1,0,0
cucumber/cucumber-jvm,maven,dcf832274fd841e56ab33ffbbda7511a803f8569,0,1,0,0
corfudb/corfudb,maven,7b8848d1c5c7a005fb55a756f6e81a7ce0b94d3d,0,1,0,0
confluentinc/kafka-connect-elasticsearch,maven,e8c3c0e399430ed78e6ba617866f5abc100bc5d6,0,1,0,0
cloudslang/cloud-slang,maven,2b5914c479984244f656af5c1eed0e081e988d6a,0,1,0,0
cloudfoundry/cf-java-client,maven,503632eb1a1153ca4faa0e5fbd94b187e031107c,0,1,0,0
cbioportal/cbioportal,maven,8c0b85349bc5aa24dc272e54aea4fb9631ad6177,0,1,0,0
camunda/camunda-bpm-platform,maven,86d578aad83341666b72902341f908941d06cea3,0,1,0,0
bytedeco/javacpp-presets,maven,0c571dacb2511480c8475bc771cdc50f51557425,0,1,0,0
broadleafcommerce/broadleafcommerce,maven,c569f1a546c4b7e843a5cb32546a91d51eac6ce4,0,1,0,0
brianfrankcooper/ycsb,maven,ce3eb9ce51c84ee9e236998cdd2cefaeb96798a8,0,1,0,0
biglysoftware/biglybt,maven,4e86201cf3a5723db052a8dab7aa3f2cb6022ce4,0,1,0,0
bentoboxworld/bentobox,maven,5e3cffbe115d2986620cb9365af8fcfec14e82ca,0,1,0,0
b2ihealthcare/snow-owl,maven,81940ada65f80f1e7b00d68cf19ec67835b47461,0,1,0,0
awslabs/amazon-kinesis-client,maven,9f6d27900c2fa3a4f3b5fe5e1fbe2413be8e129a,0,1,0,0
aws/aws-sdk-java,maven,ae34019c00725b94c3c498bfa5b89a08d6f084b6,0,1,0,0
aws/aws-sdk-java-v2,maven,844a9fd59022d06ab94d0a96265c0420c71d8ed6,0,1,0,0
atomix/atomix,maven,5c57662f8be16d3448c4c9cac2e2bec9317c4300,0,1,0,0
athou/commafeed,maven,d8a4da7ec852d0f4ad2f5229001b5c7a50311084,0,1,0,0
athenz/athenz,maven,703794367efbc05999bf8aaa6261166989682a9f,0,1,0,0
asynchttpclient/async-http-client,maven,c959fa0483adb4a71fbccc5be94d8b6faa4f74be,0,1,0,0
artipie/artipie,maven,c9253a0c0ebf548912c50754a5e224d0d8e8f692,0,1,0,0
apereo/java-cas-client,maven,a32cb7e3765bbd05ebd383dd8a2b04102ef52bd5,0,1,0,0
apache/zeppelin,maven,2c98720e1bfa304bca4138187b885cfccb64718f,0,1,0,0
apache/wicket,maven,7f9e289ac43eaa1f39443c08673e59735a464373,0,1,0,0
apache/tomee,maven,07fba0a9324f64c2dd9e458ff36711edd44bafa1,0,1,0,0
apache/tika,maven,56c9aac4ec325826fb8fb626d411f95d94d7803f,0,1,0,0
apache/submarine,maven,0f1eefd70e73abf4ddbdf1ffc77d5238a98b4585,0,1,0,0
apache/struts,maven,a368cb632895e689f81ec59868b28bbf033d9ef8,0,1,0,0
apache/storm,maven,6c3a6be54514ebba6f7e0fbd0c9b89a9192e9eff,0,1,0,0
apache/skywalking,maven,7563734def00c8cc4e03f714f0eafa73d9e3e1ce,0,1,0,0
apache/servicecomb-java-chassis,maven,eacfbf6dd6f12671d044e884743ab4bb1607e324,0,1,0,0
apache/plc4x,maven,457b2a6155103b48c36892a759376a8729624ac8,0,1,0,0
apache/parquet-mr,maven,59e9f78b8b3a30073db202eb6432071ff71df0ec,0,1,0,0
apache/nifi,maven,373498445fe589e2d4855a0730fbb9127f0b4452,0,1,0,0
apache/james-project,maven,7de37762f5390e2b8949e3e488de758b59275d4e,0,1,0,0
apache/incubator-sedona,maven,609261b9a0efb7bf1c19c2168975f726adf3a054,0,1,0,0
apache/incubator-linkis,maven,f96b41efa3f3d1eb68b05f851e2f41d9c9a90056,0,1,0,0
apache/incubator-hop,maven,af97f31c5fd1760554339e7470c6328a6747e5bd,0,1,0,0
apache/hudi,maven,e0285800fb5609fcf27b523109e369a8d7d6b27d,0,1,0,0
apache/hive,maven,c8a0b6f4887edc2f33ed5d2c77c8baf9c0bbd11c,0,1,0,0
apache/flume,maven,9b9c9bf7e54435bd5ac48eb9e51174e19e66802f,0,1,0,0
apache/camel,maven,6ea85fdc5d42ce32c62f7e85d0fb79db2956fb4b,0,1,0,0
apache/ambari,maven,24dbed27b97f4c82835273758f0bceb3334b4ef2,0,1,0,0
angel-ml/angel,maven,0e60cddf5efa3d24ddd6a939117b0cd4117a9282,0,1,0,0
alibaba/fastjson,maven,869746101f6dd73b70d8a9c2b6dc59de4352519e,0,1,0,0
alibaba/druid,maven,3b4e77034a6244ba8f78ddc26952e43f4dd26ab6,0,1,0,0
alibaba/datax,maven,01e0723d653062f021634d8091fb0b7f54461bb7,0,1,0,0
alibaba/canal,maven,b54bea5e3337c9597c427a53071d214ff04628d1,0,1,0,0
alibaba/arthas,maven,3792ca30878544177ee458fa7a2c00f0c8d504e8,0,1,0,0
airsonic/airsonic,maven,5ccca059d5cfe3dd19734c27861b434ea21b43d8,0,1,0,0
adoptopenjdk/icedtea-web,maven,f6aad403b466d7713769be117f14e527008aa3af,0,1,0,0
zsmartsystems/com.zsmartsystems.zigbee,maven,f1627e53bb8f09131cdc25d84e326ddd1aa88e79,1,0,0,0
zendesk/maxwell,maven,725f1b21d4c8a73b159bf3059b5380fcfdd49a44,1,0,0,0
zebrunner/carina,maven,8bcebf6ad0710aedf41593d28a083deb4b4a0b74,1,0,0,0
zalando/problem,maven,b46db61edfdc4c9590fd82ae93da90e0787da2e6,1,0,0,0
zalando/problem-spring-web,maven,432d50c00523c2f9a1b230dafb4e6d22200cb363,1,0,0,0
zalando/opentracing-toolbox,maven,020aeb4aad455d841d93a7de67588fa7fe198f1a,1,0,0,0
zalando/logbook,maven,01c8a8112867ab014faccbfefae245fd675d7e9e,1,0,0,0
zalando/jackson-datatype-money,maven,8015f4e1a07f9239df1c89882aa09b3375722896,1,0,0,0
yegor256/qulice,maven,e928a4079173d38ede02806177ec032d34b53dba,1,0,0,0
yegor256/cactoos,maven,074f9e38ac843eb88db3925a7f4258a4a9c2fc4c,1,0,0,0
yahoo/elide,maven,113e7f2e821fb83eeb2915e61c42b81ee659db67,1,0,0,0
xuxueli/xxl-job,maven,9fe7aaa12e69ddb3cf99ee5681adbc32aa65ad54,1,0,0,0
xnio/xnio,maven,91caf698dab9cde7381bf76682dd80d5ca313722,1,0,0,0
xerial/sqlite-jdbc,maven,ada2b147dc858ef557a995e2f4ef25f7c65fc6a7,1,0,0,0
wso2/product-is,maven,17019af2ffb6b82ae50c0283e63e8e06807efca7,1,0,0,0
wmixvideo/nfe,maven,c56d1a3d24720c8ad37872bbd71c03695b0c9b07,1,0,0,0
winder/universal-g-code-sender,maven,dc7b3b44625cf54921d78699006dcd51a90888b6,1,0,0,0
wildfly/quickstart,maven,3bb0f52866b08dc4139e447a13d10410a8d41b7a,1,0,0,0
wikidata/wikidata-toolkit,maven,35e9317569f35c687eba9ab0149190c5b0fd163c,1,0,0,0
weld/core,maven,6dfca3049dec72934d65363e44386bba8b229785,1,0,0,0
weibocom/motan,maven,55da476a709e19a3f1960f7ff09ab56df3d38624,1,0,0,0
webankpartners/wecube-platform,maven,9a9f0012d951ab1518257fa914ffcdd2643614ff,1,0,0,0
waffle/waffle,maven,d7a1fbd7ec59f8e10b9376df741113d59c1e45b2,1,0,0,0
w3c/epubcheck,maven,5880245cc1c066ce3829cb9db7f08c982ab49cb0,1,0,0,0
vert-x3/vertx-web,maven,f3957611257f667fd90d357cba17d39f7406d390,1,0,0,0
vert-x3/vertx-auth,maven,62ce0b72f6d147e9e57ac2ff1a6e58907c72c6b5,1,0,0,0
verapdf/verapdf-library,maven,2a3864555d96e65128bf3b0d97b3d6f23765049b,1,0,0,0
vaadin/spring,maven,37babdf504a01d2083e138eec7e952760f7d4e95,1,0,0,0
usc-isi-i2/web-karma,maven,3244b6b6dca62022feedf62746b7d5f480531456,1,0,0,0
undertow-io/undertow,maven,c3ebc1d4eb1d9683684a2578137c298cb201cb14,1,0,0,0
undera/jmeter-plugins,maven,730156719c9d1ba25bb43d114eb6806b63d2d673,1,0,0,0
twilio/twilio-java,maven,03b34f5e102dc82c6be2c9baae9925ad9e055860,1,0,0,0
togglz/togglz,maven,6428c8a5468676447f2692fae50afe95ea98a884,1,0,0,0
tmobile/t-vault,maven,0f9cda32f1f8e496346ff703325547f828c3ecc5,1,0,0,0
ta4j/ta4j,maven,8994ecbc9e644f7cfc36216c7de9eef4b65a4b22,1,0,0,0
synyx/urlaubsverwaltung,maven,93d6bd9b26380c5a56acec56adfd8fc88c8598a1,1,0,0,0
swagger-api/swagger-parser,maven,2de0106e4502d6db72848f5a8daad13a7e572b98,1,0,0,0
swagger-api/swagger-inflector,maven,517078f2db4cf07a3bfb34af9c1f9532b2eba794,1,0,0,0
strimzi/strimzi-kafka-operator,maven,16739fb962a8ed5d92e6690ba3c0639eeec0e251,1,0,0,0
strimzi/strimzi-kafka-bridge,maven,882be99f0f03cb96cafa2d4cfceaca3b15332040,1,0,0,0
streamnative/pulsar-flink,maven,1366373082b04ddcd66b11801133414f84d7e558,1,0,0,0
streamnative/kop,maven,1698243137ee3a44f4c14198658aa88a11ca82d9,1,0,0,0
stapler/stapler,maven,b7831000ac197901b65716a4d48eac2f0b100eb3,1,0,0,0
sqlancer/sqlancer,maven,524942f693c0217f459b7565b42bc8515b4f7d92,1,0,0,0
spring-projects/spring-petclinic,maven,bc35c402a2f16451a395ec24ca75d54ff79bb91f,1,0,0,0
spring-projects/spring-hateoas,maven,07125638f45a43370933602e7d36cdd29f2b7830,1,0,0,0
spring-projects/spring-data-rest,maven,a40aec5debf496b8e29d66a720ad27989b04f2bd,1,0,0,0
spring-projects/spring-data-redis,maven,bc50822dfbc2c064a9bf7a46f0fceb1d581ddbf5,1,0,0,0
spring-projects/spring-data-neo4j,maven,c11ec06733844f4a879a73c5fbc704c2db6e410e,1,0,0,0
spring-projects/spring-data-mongodb,maven,f94a7ee742fca024eb13bd240d5fa320c1435da5,1,0,0,0
spring-projects/spring-data-jpa,maven,c3c3743fcd7c2a80fe885334a73ff4786e74c27d,1,0,0,0
spring-projects/spring-data-jdbc,maven,bc164cd4fb1a71336f6109ee7093b754cc2a0972,1,0,0,0
spring-projects/spring-data-elasticsearch,maven,5717d6ee575b829f31e97a1bec8ffcad0f7ad8cc,1,0,0,0
spring-projects/spring-data-couchbase,maven,9f2d7ee6b597111c15904fe1cd1292c24b595596,1,0,0,0
spring-io/start.spring.io,maven,6b3ddcbe08c55c8c643842bdc55f43b6e519b0e6,1,0,0,0
spring-cloud/spring-cloud-vault,maven,e9d8a06ca83225b55bde4578f869d60b989d742d,1,0,0,0
spring-cloud/spring-cloud-stream,maven,4e011c26f3097e88e9cd64c01720979952dea3a9,1,0,0,0
spring-cloud/spring-cloud-stream-binder-kafka,maven,d37cbc79d773e51897078892ecb829b9134a8717,1,0,0,0
spring-cloud/spring-cloud-sleuth,maven,43e0f2eb338f1cde61dee11da0070fcbd770ae99,1,0,0,0
spring-cloud/spring-cloud-netflix,maven,dc45b7f580fadb73c505990b065d4986cd7156e3,1,0,0,0
spring-cloud/spring-cloud-consul,maven,d3a8e20de8b59ff8682e1e150be09cb589d12b2b,1,0,0,0
spring-cloud/spring-cloud-config,maven,77fe396d66289285d75d966baa6cdf74d6557cca,1,0,0,0
spring-cloud/spring-cloud-commons,maven,a71a1e2b4c9c6d6e16fa5ce300c615dbb668d540,1,0,0,0
spring-cloud/spring-cloud-aws,maven,8d1675bd900071094ed92e638e8ff2ca093a6633,1,0,0,0
spotify/zoltar,maven,41dcabdf185b6f6a729ec7f23fd5c3d8c5f1c51f,1,0,0,0
spotify/styx,maven,b7f1f0d0a46be3ec652cb895a3dd924bdc1a689b,1,0,0,0
spotify/docker-client,maven,9a7c3b4994be9a55988f821f7177029201ff6aef,1,0,0,0
spotify/dbeam,maven,0be9412a1f412cb80325a347ddc6c501a240cdbb,1,0,0,0
spotify/apollo,maven,b7599f7a23051cf2cc285b9ba47594016b25d47f,1,0,0,0
spigotmc/bungeecord,maven,c3fffbc919db0276a7ba1859179f6a2dcf764dae,1,0,0,0
soot-oss/soot,maven,93ea283acd57c02e8ccbda1b4cc39393e6bc3785,1,0,0,0
sonarsource/sonarlint-eclipse,maven,d38db1e83200fededb73cdc90c0df0a4f9d7b1ea,1,0,0,0
sonarsource/sonarlint-core,maven,0c83870dface0efdc87af6808d4e63fa8a1ca10a,1,0,0,0
sonarsource/sonar-scanner-jenkins,maven,e34ddf9ed41a3df1aa38ebbee3474e346f3212b5,1,0,0,0
sonarsource/sonar-php,maven,211e9daeff55044262ec1aa3f87999844e7048c2,1,0,0,0
sonaropencommunity/sonar-cxx,maven,61a419d0fa513eef946797d6ea6125bf79b5293d,1,0,0,0
sofastack/sofa-jraft,maven,72b71ba194b93b836631531ec303399d107a5915,1,0,0,0
snowflakedb/snowflake-jdbc,maven,1a216bc3865fc0e3cc5b8d985d73b64eea589a48,1,0,0,0
smallrye/smallrye-reactive-messaging,maven,e5503c048e0ddc8a1eddf4224c0598e578fdda59,1,0,0,0
smallrye/smallrye-mutiny,maven,8f798c88e7096ec2213087c1575406633ffa1f4a,1,0,0,0
sloeber/arduino-eclipse-plugin,maven,533582d3fcd92d4eaade891ef4129e82426c6a89,1,0,0,0
slimefun/slimefun4,maven,5a8645550be0b2bace74bec214f6fa801504514d,1,0,0,0
shopizer-ecommerce/shopizer,maven,b3fe1a4422d871ad1278b75d20d6fdde5cc532d5,1,0,0,0
sendgrid/sendgrid-java,maven,deffb1a395a6ed043ad78ae4da9dd03b22614e59,1,0,0,0
seata/seata,maven,a39d03b5b32617e444b7ec3154b8d411b3784cae,1,0,0,0
searls/jasmine-maven-plugin,maven,155579be62ffdba4a464f3afa1a4fe005eaf2d3f,1,0,0,0
scribejava/scribejava,maven,124745961e999ccede90e2348c6012f8d335eb8a,1,0,0,0
scalecube/scalecube-services,maven,909a2e1f3ec525ce60a06a5196255f74c0f509a5,1,0,0,0
scalecube/scalecube-cluster,maven,d04afe7b876c37ab1b1afd4122a797dd2c23b6b2,1,0,0,0
runelite/runelite,maven,94e2627697d20e8bc5d3cd87800a7f1d905bfa27,1,0,0,0
rubenlagus/telegrambots,maven,46c5aa6b80d4e4deb372915c8316a3798c675bd4,1,0,0,0
ripe-ncc/whois,maven,a298282534cc30260a53c89166d86a632c1e477c,1,0,0,0
rickfast/consul-client,maven,cb738bff54032ed1303219bcd1e7aeca89a56f49,1,0,0,0
revelc/formatter-maven-plugin,maven,2e394581c6bf7dd7366bfdde07be314e76fb3f5a,1,0,0,0
rest-assured/rest-assured,maven,4eeb3d82b1d4672787b57ca45167a63085c8c1f1,1,0,0,0
redouane59/twittered,maven,e10833f054f5163e0a1c583410de0e401777ee4c,1,0,0,0
redisson/redisson,maven,57406ae16ba21164033b4bc279a915825a30bf64,1,0,0,0
redis/jedis,maven,253664ff1eac37fdab7ea3e5e738a11f34f8f410,1,0,0,0
reactiverse/es4x,maven,5c202aca71ecf43dbc4399228f7c8852420ebeba,1,0,0,0
questdb/questdb,maven,352999e14a9a30677511b36401eb659fb0f63fde,1,0,0,0
querydsl/querydsl,maven,aa6dd819a4525bc8e4252c7f1449aa4e7dc6976e,1,0,0,0
quarkusio/quarkus-quickstarts,maven,2ac583a41571a4efeaf883eebe0c8fbc8556f514,1,0,0,0
qos-ch/slf4j,maven,98f1f2f46533eba4945dda995225cf3c4017a075,1,0,0,0
qos-ch/logback,maven,7c3a1182ab80fc7afa61e9438ca27f3e8e8e5eea,1,0,0,0
pyvesb/advanced-achievements,maven,3cacd875a9e65b5ec5d7625fec1a4d99641f32e7,1,0,0,0
pwm-project/pwm,maven,b50a463d87fa40cc5f3c6eba9b23666b78513ea4,1,0,0,0
psi-probe/psi-probe,maven,82b9663b79e18e2716028f35813fba19739cca30,1,0,0,0
prometheus/jmx_exporter,maven,ff2ffe6ca67168df77d50b7fced115513006982d,1,0,0,0
prometheus/client_java,maven,f2536bf2383f2e1393310ab51c25cdcabdfead13,1,0,0,0
primefaces/primefaces,maven,69cd3bf5ea1895f58f95231ed366aff35423222b,1,0,0,0
playtika/testcontainers-spring-boot,maven,76950220762086b5963f6231e32db142a8bbcf87,1,0,0,0
pippo-java/pippo,maven,8330892700e3911192f1e17a11100ec3ec58ef84,1,0,0,0
pinterest/secor,maven,b76af98476a20eca60d7f66a5c3d64184217f513,1,0,0,0
pgmdev/pgm,maven,4bdfa28196135729398941ff27847e41b03ec1e0,1,0,0,0
perwendel/spark,maven,54079b0f95f0076dd3c440e1255a7d449d9489f1,1,0,0,0
pentaho/pentaho-reporting,maven,c482a2fa383314d2ce9ca27509868a940ceb9c12,1,0,0,0
pentaho/pentaho-platform,maven,5d24e85e9e0a506d3e0b20214b681ecccdc0e06d,1,0,0,0
pentaho/pentaho-kettle,maven,011393c23822a2ac6141f5e77c9bd7455dc4b334,1,0,0,0
pentaho/mondrian,maven,b9f0309545efdebb383f84cca8c83380da4af75c,1,0,0,0
pentaho/big-data-plugin,maven,9af55236503c6c8f10207609e3237fb82451d69b,1,0,0,0
panda-lang/panda,maven,f9ac6ad8382bf28446a80b55f207c969e790c3f2,1,0,0,0
pac4j/play-pac4j,maven,9ee5e38e11d9dfaa47de5e1f2f8769f38e679e40,1,0,0,0
pac4j/pac4j,maven,802a4414ba5d59fa080abfd6f0dabf2223b41c0b,1,0,0,0
oshi/oshi,maven,4c8fc7842c06aa7a815eb67c0f37c97640d2a736,1,0,0,0
orienteerbap/orienteer,maven,b7947ea46fb5e1e022647ac2f2441480490dc3c1,1,0,0,0
orientechnologies/orientdb,maven,731503f788728027ece160ffc2f5e578133fa22a,1,0,0,0
orcid/orcid-source,maven,0bb49a8b61f780621d9d48ffd12f6d3e605ead50,1,0,0,0
orbisgis/h2gis,maven,964d2b60c80f7c844eb7f401f1c0fbcf11cfa2d7,1,0,0,0
optimatika/ojalgo,maven,088a0a296790fcbd3bff9711b263342ea071614c,1,0,0,0
ops4j/org.ops4j.pax.web,maven,1ecea56296fc615199f7bb0b00a69df8e89b3981,1,0,0,0
openzipkin/zipkin,maven,b6a5f76c4d13d2c05334eacf256787cc4be4c848,1,0,0,0
openzipkin/brave,maven,5be287b91c3d18da9fc7a597d71b12b27be6043c,1,0,0,0
opentripplanner/opentripplanner,maven,7195e624bf89e15806534c15882aa1eb96bd106f,1,0,0,0
openpnp/openpnp,maven,693671c6293819076b3ff8d4d14dfd29e3a9ca6e,1,0,0,0
openmrs/openmrs-core,maven,ecc91f150327f899d59d522a0759834d5d2b4716,1,0,0,0
openhft/chronicle-queue,maven,62fb820babedca7d4d75dedd5a75406a0d54840f,1,0,0,0
openhab/openhab-core,maven,85b0910ef190fe8fc0a94bad1aaf41b70456beaf,1,0,0,0
openhab/openhab-addons,maven,05caddab8593f54eb648fd175d549980797924c2,1,0,0,0
opengamma/strata,maven,09aae1e233166316dc30d3acc3a4d8388a17a622,1,0,0,0
openfeign/feign,maven,f21d32a7d9d9401f8f12bf000038682e1984345a,1,0,0,0
opencast/opencast,maven,8973f884568ec2790a11e814ba758a2030f1d703,1,0,0,0
open-metadata/openmetadata,maven,7e73f2feccd3c4242ab531f5afa2a66fc03bfc23,1,0,0,0
ome/bioformats,maven,d2e87dd4eeda51b8f287ec0edfd82d6128ab9c43,1,0,0,0
oltpbenchmark/oltpbench,maven,9279ce2ed9aa130afd08c0de29b81bd99a9af008,1,0,0,0
okta/okta-spring-boot,maven,82c99e29396218625f9fddfe2abde30d9cca1ea0,1,0,0,0
nlpchina/elasticsearch-sql,maven,4b1c87eb1cfe40e170a4985a9d7323c1db5f5a7d,1,0,0,0
networknt/light-4j,maven,702cd749ae353f5dfc1eee88861ad4fdffac3275,1,0,0,0
netcentric/accesscontroltool,maven,589f94fde2c612fff3b2e65c2af6e44705520c76,1,0,0,0
neo4j/neo4j,maven,e63896bad276348ca196fc073edef23fd0de89c3,1,0,0,0
neo4j/neo4j-java-driver,maven,a44346cddc3aac335fd3d98cf18e489b3790ebee,1,0,0,0
mybatis/spring,maven,2fcb177f952d32030612e697ed5640ec05df80a3,1,0,0,0
mybatis/spring-boot-starter,maven,2119d3a8ec5adda48b3e1570e721b9bd03da09e2,1,0,0,0
mybatis/mybatis-dynamic-sql,maven,dc3fb76c0e719f9b169bd5643e1e0b1f6ec7e30d,1,0,0,0
mybatis/mybatis-3,maven,a2cdac6f76645619b1c09785000f1eaa7830b280,1,0,0,0
mybatis/jpetstore-6,maven,0aa9f4036d0d542d273206bf55107b8cac51e773,1,0,0,0
mybatis/guice,maven,e2a9906863edf1b95ca2c702e802b52300bf19fb,1,0,0,0
mvndaemon/mvnd,maven,85e4d0cf2a6c6de3c34a12c582c96ba0aa4a0baa,1,0,0,0
multiverse/multiverse-core,maven,ac6fcf5ed65a0347745e671acb3b79ced0fafbdb,1,0,0,0
morphiaorg/morphia,maven,a803503f31c513f1437306a8569caecd49b0a688,1,0,0,0
moquette-io/moquette,maven,1b1bac76fa9be9e9bb0b28be3fc627afee684d73,1,0,0,0
pmd/pmd,maven,f18ceebd7bac962ee431a2e7ab3a3458f06b624c,1,0,0,0
mongock/mongock,maven,e3cef0f683fa644a5de7b4e9fff73ae10ea2b82e,1,0,0,0
molgenis/systemsgenetics,maven,744d1ca5a78577478912ded5fe249c9a90804efd,1,0,0,0
mock-server/mockserver,maven,33ce88631b4e3d09b499caccfe1f7897f9fc8f18,1,0,0,0
miso-lims/miso-lims,maven,3213b947cb708038c0ab1297be5b8cfaf3997ddb,1,0,0,0
microsoft/playwright-java,maven,2f706012a76f3b757242a800909383851022b362,1,0,0,0
microsoft/java-debug,maven,da61636dcbc4970e73fa6adcb124f75c7269208e,1,0,0,0
microsoft/botbuilder-java,maven,d170c23a021d946521e6f37062bc7abbdf19a20a,1,0,0,0
microsoft/azure-maven-plugins,maven,36d8e449874a6324a88276a450cf6fabdf4ed873,1,0,0,0
metersphere/metersphere,maven,3bee92f8692504b0487379f4b548aa0a3b0ea5c2,1,0,0,0
mcmmo-dev/mcmmo,maven,def676d8d7a28b7f966014dda28dd3e9933616b3,1,0,0,0
maxcom/lorsource,maven,95db7b9df670db37f90a8f3bd77efd829edd85b6,1,0,0,0
maven-nar/nar-maven-plugin,maven,b1bcfcf073737428fadd65d29b8e81a560895bee,1,0,0,0
matsim-org/matsim-libs,maven,c2685574e10326b87256092ff7baf362e2078a67,1,0,0,0
marcosbarbero/spring-cloud-zuul-ratelimit,maven,6e90712c63202fdc75f38dfc34bff6935ecc2eff,1,0,0,0
lukas-krecan/shedlock,maven,350e177b2758fca6ea86eb9f2f61ca81c81d1bc1,1,0,0,0
lukas-krecan/jsonunit,maven,4d9a0341c697d096e179e4eecb11f867de92673a,1,0,0,0
logstash/logstash-logback-encoder,maven,9cd9d4c3588c840b839499a4e220874a0020c7e2,1,0,0,0
locationtech/jts,maven,45dd0c0fba979a9549c3fa9795f363c6535c873a,1,0,0,0
locationtech/geowave,maven,2d9f39d32e4621c8f5965a4dffff0623c1c03231,1,0,0,0
liquibase/liquigraph,maven,d85eb47e5f83e774a026188e881fe65a3dcb89a8,1,0,0,0
liquibase/liquibase,maven,3b0834b4bf4bc8e23a033991aa22211cfa9511ff,1,0,0,0
librepdf/openpdf,maven,0f02fbc59a25adc31b1bcce7b0d71e2f5d19ed76,1,0,0,0
lettuce-io/lettuce-core,maven,b0a392f606d91d2e5fe49423ba3086b64629ba54,1,0,0,0
languagetool-org/languagetool,maven,a469b8a8376ee34e0668e749847745c8df66dc2e,1,0,0,0
labsai/eddi,maven,b5c265d1517d3c722340a760365b6aa1d9c43bf3,1,0,0,0
knowm/xchart,maven,820e7711f898b002317cf7bbbc2f3f5e22c23856,1,0,0,0
knowm/xchange,maven,0eb510c06d712f2eff743a585b99f3b992d2b40a,1,0,0,0
killbill/killbill,maven,081be96c2250f2ad7d36c9383897199a8fde8838,1,0,0,0
kiegroup/optaweb-vehicle-routing,maven,1b45c31b2ede5e3158ac8221deea8223e8fcb79d,1,0,0,0
kiegroup/kogito-examples,maven,6466824db3a053f6cd76d93a615fa551f9c5ca2d,1,0,0,0
kiegroup/jbpm,maven,66ef3af2d66467f7795dd9d577fd50cc2d471f33,1,0,0,0
kiegroup/droolsjbpm-knowledge,maven,5384254ad7ddbb5b34bc979d21311153822b4972,1,0,0,0
kiegroup/drools,maven,48598c55e508bea64c234cad20bc5b9b6c1bfff3,1,0,0,0
kiegroup/appformer,maven,52d13486a5d58bcce5a643a861f3200a8a749aa9,1,0,0,0
jwtk/jjwt,maven,3e6c9e978ccb0eccf5ff83cfb04b052043839d4f,1,0,0,0
junit-team/junit4,maven,7167b23b3ba7dd79410f6e9db350d16cbe30617b,1,0,0,0
julianhyde/sqlline,maven,fc8d3a6b71aa478d7bb218e6e032d46570269f1c,1,0,0,0
jtablesaw/tablesaw,maven,c324019049c151c027fab3da4e108eada053a54b,1,0,0,0
jqno/equalsverifier,maven,b792bae0db918f73e346a264d233224b97c81dde,1,0,0,0
jooq/jooq,maven,cd615bcf515e249954f2f3e39f4f7690172c8c98,1,0,0,0
jmri/jmri,maven,650c9965bb8016504fac71b96a9b64df6c3c1738,1,0,0,0
jknack/handlebars.java,maven,ef79693a7d49ccfe28da7da12355db331a0cb317,1,0,0,0
jitsi/libjitsi,maven,cdf3e894c2e33840f8756a5c3a07f6279ef10490,1,0,0,0
jitsi/jitsi-meet-torture,maven,68d7ad8995bd31dea7ad0bf5dd39d7c3e1decd91,1,0,0,0
jitsi/jigasi,maven,cfc7da44478a9991445ae84a42faf8f4a64dc017,1,0,0,0
jitsi/jicofo,maven,010cfcc35bb8210a2fd4e86c6c0ebfca37700064,1,0,0,0
jhy/jsoup,maven,46b0b9569a76b65f31e75fa94d38f6766709c52a,1,0,0,0
jflex-de/jflex,maven,37f20fcf736baaff27543444f653d4a57e068c6c,1,0,0,0
jeremylong/dependencycheck,maven,547e7a1c1e450e1c69d844b747f3f47a1ad35126,1,0,0,0
jensgerdes/sonar-pmd,maven,7375452903e4845f9ca3b54b81186538988056c4,1,0,0,0
jenkinsci/workflow-cps-plugin,maven,6baeedc13805d902ff778f8d6ff518730fca6cf9,1,0,0,0
jenkinsci/warnings-ng-plugin,maven,35635afafc5da3406eb8bf8786d6507487703de8,1,0,0,0
jenkinsci/swarm-plugin,maven,b5c97d631b86cb2faffe8a4646ea0daabc159665,1,0,0,0
jenkinsci/subversion-plugin,maven,dd1693c1c5dd1d2937b7b0808c89c9fef14546b2,1,0,0,0
jenkinsci/remoting,maven,92ecf07540c9e2d8ef3c76f8008afcc8a160e505,1,0,0,0
jenkinsci/plugin-installation-manager-tool,maven,f58a45074500f5e2ca47cfec6dba96f479303042,1,0,0,0
jenkinsci/kubernetes-plugin,maven,a8a988919fb1fc8d8cb965adc8334a51840e1dcc,1,0,0,0
jenkinsci/jira-plugin,maven,797ca03bcffe0eea9e40fa491581e894d614a300,1,0,0,0
jenkinsci/jenkinsfile-runner,maven,28368741b9b975bbe75ade3d7e8f3e803ef43fab,1,0,0,0
jenkinsci/jenkins,maven,1d0e81acc820ea6531b33eac3a630dd10700e16a,1,0,0,0
jenkinsci/gitlab-plugin,maven,7e6a209f0cae6bc11d3090f431f401e03517e76d,1,0,0,0
jenkinsci/github-plugin,maven,5747884dd790ec9e3ae11df7dd3c09ba26f0c2e5,1,0,0,0
jenkinsci/github-branch-source-plugin,maven,e708675a334cf666f9a9010c2a22095e6ea2e7fa,1,0,0,0
jenkinsci/git-client-plugin,maven,ef027ddb7cb36284e4ea611f39cd7e8f3dfc06b0,1,0,0,0
jenkinsci/gerrit-trigger-plugin,maven,af21088795b15c75373fbdd3d795abf6c84c209e,1,0,0,0
jenkinsci/email-ext-plugin,maven,052130cef2d80c9440c2c63145e017f3f6cfb97f,1,0,0,0
jenkinsci/ec2-plugin,maven,868c2c780b7e87c3d84e9e57e1815129c2a83369,1,0,0,0
jenkinsci/docker-workflow-plugin,maven,b174d46226ef1095903f2e789355a3b216b46dda,1,0,0,0
jenkinsci/docker-plugin,maven,9d4c4c56530601178cc3477c01f2199d7ae7ba77,1,0,0,0
jenkinsci/configuration-as-code-plugin,maven,e3e4a6dd32030b61e5212604f6fbf1224818ca7f,1,0,0,0
jenkinsci/blueocean-plugin,maven,df601ff999dabac12bbaf211c55be69dc6306eaf,1,0,0,0
jenkinsci/bitbucket-branch-source-plugin,maven,e09b562a787bacef1a0ee577020ace97decd528f,1,0,0,0
jenkins-infra/update-center2,maven,811d8078d32cf739a71ef2615d715d5948f9faad,1,0,0,0
jchambers/pushy,maven,0e74879b8cbbd21c5d410397a6a16e0d8de481b3,1,0,0,0
jbosstm/narayana,maven,e32d318e2cac31070563000fb4ebc6672ea1f9cd,1,0,0,0
jboss-modules/jboss-modules,maven,826e97768f2c22eca163ec29c77f268758590ea2,1,0,0,0
javaparser/javaparser,maven,e64962fd6f8a72e44ae50afe9b4bcd4b99e5dc53,1,0,0,0
javamoney/jsr354-ri,maven,32eae4917c10f3415f7ace619811c1ae0bbf1cc4,1,0,0,0
javadev/underscore-java,maven,2f6b38741f1f3609c88bfa629c8f32940c54736b,1,0,0,0
java-operator-sdk/java-operator-sdk,maven,b137794362556bd1c20a7109eedbdb3a3d2ff460,1,0,0,0
janusgraph/janusgraph,maven,1c4730a181b926a947e2ab3fc02596070d316e83,1,0,0,0
jacoco/jacoco,maven,472be4e17700892918756583e4eb96778cc1a73c,1,0,0,0
iqss/dataverse,maven,23c85faca4a34aa9846945aa804caed30223ab15,1,0,0,0
influxdata/influxdb-java,maven,df45710e7042b0a6b89be5c9635ef31eea5bc6ce,1,0,0,0
inception-project/inception,maven,a9369d3e2900af2374fb6416fd56d02d92c13e51,1,0,0,0
immutables/immutables,maven,6a75a95e090b768ca4c2c8dcdc8f46ea04b69784,1,0,0,0
iluwatar/java-design-patterns,maven,0a7b524bd10b0eb67ac6045d12415759b1dc7fd0,1,0,0,0
igniterealtime/spark,maven,e120b2708719f0067f79e33ba16e986bed31e202,1,0,0,0
igniterealtime/openfire,maven,f38cfefe91b9e831d4f4b0b5c5a84754e92c144a,1,0,0,0
hubspot/slack-client,maven,052f8c449a24c9652ac53e0e263172d0fb80a237,1,0,0,0
hubspot/singularity,maven,e69d5793a6931c4dece72098a8b60171e93147a3,1,0,0,0
hubspot/jinjava,maven,b0f8c994f6ccb5aa8b6997895fb2c867c9ee723b,1,0,0,0
hubspot/baragon,maven,4ff7f9cf614334e0d5339f82d3e9bd57d7e448be,1,0,0,0
hub4j/github-api,maven,eef3c5863b34013c0fcf69a816a7d8c70780a9d1,1,0,0,0
hibernate/hibernate-validator,maven,a15a1846e17d505818207bcf1adcfd271e1df530,1,0,0,0
hibernate/hibernate-tools,maven,8980c2ba7c9375774003489c363f259b41c59110,1,0,0,0
hibernate/hibernate-search,maven,51d2fc1a17c581535ea7b091c94e29828ab2e813,1,0,0,0
hcoles/pitest,maven,a6388a7d4eafc72fdcc58454f93b1d45a55cde06,1,0,0,0
hazelcast/hazelcast,maven,c84781a1c5e2f2a5771b59c6fe5dc5a1d1c843cd,1,0,0,0
hazelcast/hazelcast-jet,maven,4a00d4139534881e3874f7474b87524665a1f7d3,1,0,0,0
hazelcast/hazelcast-code-samples,maven,f4f6021d83865472e5af386d051ea4fb80d2b61a,1,0,0,0
hawtio/hawtio,maven,24eeaad25f2f59f7f688b22e85adbd42e56e9a2a,1,0,0,0
hapifhir/hapi-fhir,maven,e29ad5179ac2b9ff9ea5190e28dae439b27aeb50,1,0,0,0
hangarmc/hangar,maven,bda025cf2d8dd03e1d83caf565f1e8535d12c4e1,1,0,0,0
gwtmaterialdesign/gwt-material,maven,8a429dfbf221970920553719f3d7445115bd4576,1,0,0,0
gsi-cs-co/chart-fx,maven,360b0b152988bcebd463c1b4fc45bc8f16fed417,1,0,0,0
gravitee-io/gravitee-gateway,maven,9e8c929936e3463f53d73136af71315d22b0af79,1,0,0,0
gravitee-io/gravitee-access-management,maven,525b6d6fd9cb1ba952ee1158ab09d9314cacfa9b,1,0,0,0
graphhopper/graphhopper,maven,1a0bc94eede6365da5d75664caa6067fad2d5e83,1,0,0,0
googlecloudplatform/spring-cloud-gcp,maven,944cf73c200ef05a20cc6305e3368bf9cd988819,1,0,0,0
googlecloudplatform/cloud-sql-jdbc-socket-factory,maven,d772745754ed9662a86294ae66552bb33052161d,1,0,0,0
googlecloudplatform/bank-of-anthos,maven,34bdec1cf6e50ff8b0f0a0241586ee78b89581a9,1,0,0,0
googleclouddataproc/spark-bigquery-connector,maven,b13f568253e70292a0ca3a2412b23d304315f3fd,1,0,0,0
googleclouddataproc/hadoop-connectors,maven,28c40997412991a16bff0e512c6dc6ed9c606874,1,0,0,0
googleapis/java-bigtable-hbase,maven,6eb7c1077ee8fd315460371644e53ab6c89084a2,1,0,0,0
googleapis/google-oauth-java-client,maven,2229d92bf7f6a992a45acc4611ce03404170acbf,1,0,0,0
googleapis/google-cloud-java,maven,731db74d3f270129595a25e33be855a2750dcf92,1,0,0,0
googleapis/google-auth-library-java,maven,8330e1c4fb65b0d09cd03ab98b8ff2a80e2819cf,1,0,0,0
googleapis/google-api-java-client-services,maven,4f672487171cf6bc2b01de309b863d7b355706fb,1,0,0,0
google/truth,maven,7e27fb0f374a65a1fc7b74ee7c981cd7b4ab515b,1,0,0,0
google/guice,maven,2aefd5494664a1b847d911e2919f8cfbd4260c12,1,0,0,0
google/guava,maven,5e2bbfa9bd4b9cc8d6d23783af2e5f533b007665,1,0,0,0
google/error-prone,maven,99cdb15acfdddcf01b930398825289b7213efd0e,1,0,0,0
glyptodon/guacamole-client,maven,62b26fb594aa160478ce44c6d2bb8e6a1cef4174,1,0,0,0
gitlab4j/gitlab4j-api,maven,0287ee5fff270e2d697455bb8b951f31b613d427,1,0,0,0
git-commit-id/git-commit-id-maven-plugin,maven,ddb5f35e27642044fc5995da776da8b8a3f00ce8,1,0,0,0
geotools/geotools,maven,29829f0ce81e680e57843fb067eca4d1fe8c087f,1,0,0,0
gentics/mesh,maven,b4120b0d6de796f66b3ad0d227ca7e456f314770,1,0,0,0
fridujo/rabbitmq-mock,maven,e6971136c711efe0f6e822f19769f23b5a42dd4e,1,0,0,0
fraunhoferiosb/frost-server,maven,893f5df26553e4618127cb4ce0b7fb936681217f,1,0,0,0
frandallfarmer/neohabitat,maven,0e25ddd7b4ab7e1172a5bc19788b430d841ee328,1,0,0,0
frameworkium/frameworkium-core,maven,83b465a79a7c002cbb03b41fccb7dc8b87d142ab,1,0,0,0
forge/roaster,maven,86b4c63fc8444b667bb367f35f170f43cccccabf,1,0,0,0
flyway/flyway,maven,f2b4518879a6a5517f719eebb7aa5ebdd699746a,1,0,0,0
flowable/flowable-engine,maven,cee4406b950844c7bf3b6c4b3ef8bc6563454b55,1,0,0,0
firebase/firebase-admin-java,maven,f86f6519207b2dccc4cf1c336e7a0702ec4af4cc,1,0,0,0
ff4j/ff4j,maven,d19e01ea4a9d9a2bad65c14b714ed8aa92771930,1,0,0,0
fenixedu/fenixedu-academic,maven,4efce4a9dda8cc534709937f560e56d801f3ec7a,1,0,0,0
featurecat/lizzie,maven,ebeb4469ebf7b28d6b4ca34006cb3f7059fdc9c3,1,0,0,0
fcrepo/fcrepo,maven,88d45d25f82f51a1d8b9cd6e563ef4988cc956ea,1,0,0,0
fasterxml/jackson-databind,maven,4852d2a9682a2a42b9c5fbf5c8f4b98e88c20511,1,0,0,0
fabric8io/kubernetes-client,maven,328715d57bdbdcbb8185c19bb6111871cdf70eea,1,0,0,0
fabric8io/docker-maven-plugin,maven,d3d3618a96170c5fc4d89e0b39f34ee08d37a018,1,0,0,0
expediagroup/styx,maven,a9894705a8f6b6eba4724550d83f3d510fd8f7f6,1,0,0,0
elastic/support-diagnostics,maven,8f5f89d267edbc15f999a5ff1b1a9b49faf6d2db,1,0,0,0
elastic/apm-agent-java,maven,8c57af74b77f782c23a3fc8a21ff841dec05e5cc,1,0,0,0
eirslett/frontend-maven-plugin,maven,7625e2d5c6195715b2272d34bf0d270ae6da30b3,1,0,0,0
eclipse/rdf4j,maven,f5a3e3a386c097a8bfac344d2342af0053378d05,1,0,0,0
eclipse/paho.mqtt.java,maven,6f35dcb785597a6fd49091efe2dba47513939420,1,0,0,0
eclipse/milo,maven,ed746404a0c050af6b5845c7891b1bb43924b52a,1,0,0,0
eclipse/microprofile-config,maven,defc6b4e626e0bc5f458c02c647345be90ea4a0c,1,0,0,0
eclipse/leshan,maven,60b40105dac970039189fe683cd0759f0ed4f7e1,1,0,0,0
eclipse/lemminx,maven,261ebed8a7d8af6df30af0123564863d39443eed,1,0,0,0
eclipse/jetty.project,maven,1acfcddd680077d9b91e6835b193841e70a61e7c,1,0,0,0
eclipse/hono,maven,127e7a94e240ecde852c3d3e123f54d787490845,1,0,0,0
eclipse/hawkbit,maven,7e28fba104a118c64caa9662de396c54e1030e70,1,0,0,0
eclipse/eclipse-collections,maven,2eae2ad1003053b279be06861c88479ce5be789b,1,0,0,0
eclipse/ditto,maven,ce693d1e34303cc92843f4f7d5fd95a630e8cf1c,1,0,0,0
eclipse-vertx/vertx-sql-client,maven,0ebea022b0915e2e644e3772ec46a6e0e2d14fd5,1,0,0,0
eclipse-vertx/vert.x,maven,53a87095207ac66298544f5a90063e4d376795e6,1,0,0,0
eclipse-ee4j/jersey,maven,3716939adb721351e01b78bc54845b97bb6c836d,1,0,0,0
eclipse-ee4j/jaxrs-api,maven,e3f40c0ce79b9f82830acc2149e423742fda2875,1,0,0,0
eclipse-ee4j/glassfish,maven,b3d6b142f4cc04ef486d08c29de916c06dad834a,1,0,0,0
eclipse-ee4j/eclipselink,maven,e1d26aaf9f1e8e6afce879e5e4ef56db922320df,1,0,0,0
ebean-orm/ebean,maven,5807874c9e0fd34e99ba6ac3adad859d64c564bf,1,0,0,0
dspace/dspace,maven,ae6f795f20d20ff33e5e34ca1b20251470f25d6e,1,0,0,0
dropwizard/metrics,maven,249eada25defae525d01ebc1a4afa5beba541696,1,0,0,0
dropwizard/dropwizard,maven,ddaef31c2005d4f2cbb4bf3ccf1b05736e6af71d,1,0,0,0
drallgood/jpasskit,maven,01ac7bf62a15384ed1d48d107d86c3c035d19629,1,0,0,0
docker-java/docker-java,maven,c61da29a09517c43f8ea2255f9abf26b2f3deba6,1,0,0,0
dius/java-faker,maven,6f72cb24c50fa83d23a92aad65bcd57efc6bd650,1,0,0,0
discordsrv/discordsrv,maven,1d08598206b1af5dcc29e411cead8e152e4c3f94,1,0,0,0
digitalpebble/storm-crawler,maven,f53a997791875a2cd24374b737001c985c675572,1,0,0,0
digital-preservation/droid,maven,b8dc52bb5c4bb5a137eefcd04f75f44c7b85720d,1,0,0,0
diennea/herddb,maven,f1cfa0ef28bee05068b0bea90dab51578ac4eeb3,1,0,0,0
dependencytrack/dependency-track,maven,3cd8fd26c0878408d192485018ccd02b60324073,1,0,0,0
decorators-squad/eo-yaml,maven,1fd41c48ba44a3cb39b25fd1d2fccfc4a2e7eabb,1,0,0,0
debezium/debezium,maven,64f030da14d79df48f7129fefba4b5772b0cbc73,1,0,0,0
dcm4che/dcm4che,maven,f4d4a3942da319017faca9e8556f92626ee484ad,1,0,0,0
dcache/dcache,maven,57c277aebda2b20bc1f27cc8a37ece0741f32dda,1,0,0,0
dbs-leipzig/gradoop,maven,e6b0290fe252d2e7f172d0799deefdb16ff2ab4c,1,0,0,0
dbeaver/dbeaver,maven,2b1c66519cee1196773e3b187e720b20120cff5b,1,0,0,0
davidb/scala-maven-plugin,maven,a37e5ce3d0d8be8e0fc3c3d4f5eabb6ab3cea638,1,0,0,0
dapr/java-sdk,maven,be7edb17f63b9500f2230434ff76a165bebf5130,1,0,0,0
damianszczepanik/cucumber-reporting,maven,41473c1c93ae5a627f1d400a19b42fdd5fbbf331,1,0,0,0
ctripcorp/apollo,maven,64a6eafccb7f407621d3b8fb967bfb789e5b28bd,1,0,0,0
corona-warn-app/cwa-server,maven,cacdb278b73ec103ff838b849948830655efdb29,1,0,0,0
containx/openstack4j,maven,2d7af0abebe1d4d3b9c130a439cf3ce7a14d22d3,1,0,0,0
confluentinc/ksql,maven,0768e4ed06b86ab3e6dd8f20c960f0bef12ffc29,1,0,0,0
confluentinc/kafka-streams-examples,maven,da824210e8ea26f8671f2fd5d373f9f6067e81e1,1,0,0,0
codice/ddf,maven,adaacf84a3b51fd41e1b27f2864d2e881d807d06,1,0,0,0
codecentric/spring-boot-admin,maven,ee8825ac501f909abed5be1bba0de4ff4a543e3f,1,0,0,0
cmu-phil/tetrad,maven,5c68008aa435b00164b3bdd719a8731175aeddd5,1,0,0,0
cloudyrock/mongock,maven,0da3c96ab598bb0438374d027845caf9933eb4a8,1,0,0,0
cloudevents/sdk-java,maven,a94bc5c81c83d21b5d6ec367830b66b0d9569a6d,1,0,0,0
cloudburstmc/nukkit,maven,ee49a2a427500edfb417218f7edc09ee4e8ce194,1,0,0,0
cloudbees-oss/zendesk-java-client,maven,d80090be0ee87916e4dab5f2d5476c24a6c1de1c,1,0,0,0
clickhouse/clickhouse-jdbc,maven,272d9c48b1d72a7605953b6c94d760f2895afafb,1,0,0,0
classgraph/classgraph,maven,57fc9514fc258e0033845455dad98ad75cd50dc5,1,0,0,0
chocoteam/choco-solver,maven,481ecfcbc62ce99261edc431cdf7fa15e41d6d2a,1,0,0,0
checkstyle/checkstyle,maven,4ce315d27d387b48befd667c7ed8426a1bad6dbb,1,0,0,0
cdk/cdk,maven,428e3990f743670b28a53890d351a818427d95b4,1,0,0,0
castorini/anserini,maven,65645e1facccc830b6604326390f868ec59e82fe,1,0,0,0
camunda-cloud/zeebe,maven,c5cfad51e2feed8d792812c9e0f8cd65bc770733,1,0,0,0
brettwooldridge/hikaricp,maven,ed2da5f1f4ef19f871fac12effc0b199706905dc,1,0,0,0
box/mojito,maven,d13a4541da502a6b15cefaac535b5180d8eef08f,1,0,0,0
bonigarcia/webdrivermanager,maven,457f8464d8f57239407c352fe710f586439528cf,1,0,0,0
blazebit/blaze-persistence,maven,8e4eab83594dd55ea7707c745a262a4b387d8c36,1,0,0,0
biojava/biojava,maven,6a54e3a4d846793acf80f29dc0c2665e1a213103,1,0,0,0
bioinformatics-ua/dicoogle,maven,5507ee7d8b8b0c8f99a825dbcbd15daf29201ca2,1,0,0,0
betonquest/betonquest,maven,7a8c6e58f0fbb2770151d16c51b8f5dc1ab76473,1,0,0,0
belaban/jgroups,maven,6eb79c29b8b0526dadc54e7bc481b0ccaba23e90,1,0,0,0
basexdb/basex,maven,3d0757d61a61e03a9a325bbbf86d19d7569b5ba8,1,0,0,0
azuread/microsoft-authentication-library-for-java,maven,773f2d97917864c3c96297849ca9779d4856707d,1,0,0,0
axonframework/axonframework,maven,c5254f95732f33ba28636f83df26509257124ca2,1,0,0,0
awslabs/aws-athena-query-federation,maven,46f807ef5c6609d4ec42ead617804ed99450968c,1,0,0,0
aws/aws-encryption-sdk-java,maven,98b079cb61417f3ee36035d74772f8913ef09518,1,0,0,0
authorjapps/zerocode,maven,6b0f6517e0cbc242070a881dabfff2eeeaaadda0,1,0,0,0
authme/authmereloaded,maven,4f0bee4d5f2958563163d4c172cca2374fe4da5b,1,0,0,0
atmosphere/atmosphere,maven,14a05728eb08f1c552ec68a59b590be1865540c8,1,0,0,0
assertj/assertj-core,maven,236bca8ed6f910d6dd962def5f2913a828a4faf3,1,0,0,0
asciidoctor/asciidoctor-maven-plugin,maven,ea190eca5e0e6fa60ea24ae5eb26c8b14d0c949a,1,0,0,0
arquillian/arquillian-core,maven,f8899149624428c40003974c56ac2d1626b1b3ae,1,0,0,0
appiumtestdistribution/appiumtestdistribution,maven,4bb13e8d2ff8ee4ea77b87ed8b4dbb70ff56d3e2,1,0,0,0
apolloconfig/apollo,maven,0e14333e1e4588ef2bf62daab1f1ef6467241732,1,0,0,0
apiman/apiman,maven,dc5c39aa9669a0f1de183bdfcd96eea5016c2d6d,1,0,0,0
apicurio/apicurio-registry,maven,b843e80dd93708d11c1359192a9f13dde97a9cbe,1,0,0,0
apache/zookeeper,maven,864b8a7c8044349b29b0e67952323a8cb2bc2dd4,1,0,0,0
apache/unomi,maven,ce0dd86ef7d27069177746f6356fb32828a94426,1,0,0,0
apache/tinkerpop,maven,7bdfccd2832615c75ad4152d4ddb8a8430805f26,1,0,0,0
apache/systemds,maven,9196234061b33541b9471ec6eb49af841c7ec20d,1,0,0,0
apache/syncope,maven,d37e91928c22853d12ff01bc5e3bb201f6054051,1,0,0,0
apache/shiro,maven,b637c4676537dc49fd06a226bdd395615021da53,1,0,0,0
apache/shardingsphere,maven,1a75e7c26de475871016d8a90475401948fb39be,1,0,0,0
apache/shardingsphere-elasticjob,maven,49506b53cbfa9bca5b6603b2815c20b93b718437,1,0,0,0
apache/rocketmq,maven,df4e98855d461d85e9c4ed43add1b12a58bca7b6,1,0,0,0
apache/ratis,maven,1970565bac3d39737079b779a73838753d8b7ec9,1,0,0,0
apache/pulsar,maven,08a49c06bff4a52d26319a114961aed6cb6c4791,1,0,0,0
apache/pinot,maven,91d2a958945f0b5d862821a216b0cba065be8461,1,0,0,0
apache/phoenix,maven,9ad31d73f73f5d8a55b82b4a1e9a1e524c8400c3,1,0,0,0
apache/ozone,maven,eb7136df7b53c77e239e82ff9d9d8063774fc717,1,0,0,0
apache/opennlp,maven,c88f57814c0af0dccf471b895a35981ecdac2e7a,1,0,0,0
apache/mina-sshd,maven,20d4e44454d8812ec0f012c795a2c7a27c17f348,1,0,0,0
apache/maven,maven,712199a004663ef15d6cffb19fa2e87dbe2a02fa,1,0,0,0
apache/maven-surefire,maven,970103a9a8738cadaa282f62ef67644c0169e680,1,0,0,0
apache/logging-log4j2,maven,39198962ad9a4b23faf344cc85bc649192149e18,1,0,0,0
apache/kylin,maven,929014c70467eb7f90a72e2906826bed6c462201,1,0,0,0
apache/knox,maven,188df42622ab6aa6b4ad7a42a5a77d6fd14594f3,1,0,0,0
apache/karaf,maven,b6dee59d4a84090e49d0d9f6cfb8bb4f196a2896,1,0,0,0
apache/jena,maven,c0945adebd3f4ed2926368da6bda0b7543e076fd,1,0,0,0
apache/jackrabbit-oak,maven,24b5ea76758a7fd2bf6cf4598d2aaabe87250fb7,1,0,0,0
apache/iotdb,maven,25fefb540b6ee9ceaafa515a4ef2b571ec3be08a,1,0,0,0
apache/incubator-shenyu,maven,167f5640b17d1eb113aa57e6f14bc535752dc343,1,0,0,0
apache/incubator-inlong,maven,546639067834029c5966f66cd78d694cf62394ae,1,0,0,0
apache/httpcomponents-core,maven,e6c631ce651b97bbf350b221a0b1531edab556b7,1,0,0,0
apache/httpcomponents-client,maven,58386f857bf09f320aea4baa6715e1304bdfc1d0,1,0,0,0
apache/helix,maven,9c5e9fc9aafed8c65d8d93de4b25ed76d42201ea,1,0,0,0
apache/hbase,maven,1bb8c5c8a70561215dbef6a8038fd9581c617d18,1,0,0,0
apache/hadoop,maven,45f164a85423b2218c545ad58512e4da8b3ce5c0,1,0,0,0
apache/guacamole-client,maven,62b26fb594aa160478ce44c6d2bb8e6a1cef4174,1,0,0,0
apache/flink,maven,b3b50559cf22f188ddb9cad62ecfb83881c47961,1,0,0,0
apache/flink-statefun,maven,56c2f036a6831af885eb15539bc7962bb730b060,1,0,0,0
apache/dubbo,maven,68381ba7662fb65d68a38a7f966123714808f110,1,0,0,0
apache/dubbo-samples,maven,d467e02498bab2a2a70fcbc04eb6b141fa0b994e,1,0,0,0
apache/dubbo-admin,maven,e14a2556ca25b51b0da81d9dcf1bc93bcf7f8d66,1,0,0,0
apache/druid,maven,2d77e1a3c6a8b5cec32649d0bd9fc64bff820610,1,0,0,0
apache/drill,maven,52838ef26e5e3e6b4461c2c656ffada0c64c9e88,1,0,0,0
apache/dolphinscheduler,maven,f20444792c88c01d148b069e806e6356e24e390f,1,0,0,0
apache/datasketches-java,maven,2e51e5b04ae4fcce117d7aba5c487df747baedea,1,0,0,0
apache/cxf,maven,9e47ff2e4348fdf0cd40993965a67b21d3c7867b,1,0,0,0
apache/curator,maven,1038aa6d03f240fb8a8de9736adc51ccbcc9f5b6,1,0,0,0
apache/commons-vfs,maven,e2ce8732b264b799bde38fe83fbf051ecbf5c2b6,1,0,0,0
apache/commons-text,maven,1f14677b9c1f74e446e4fd3213df1d71aaa02f30,1,0,0,0
apache/commons-lang,maven,18a82dc4ae9c1095216b6cb288b3c5567ffd179b,1,0,0,0
apache/commons-io,maven,bc80b9ae48bc4e74781ef485e389f08fa5b788f1,1,0,0,0
apache/commons-compress,maven,4246b887ba88dc0b2bc09e92c63fff97381b4a12,1,0,0,0
apache/commons-collections,maven,7ab4e4fe994ed51da0a3aed39ce2500c49a50195,1,0,0,0
apache/cloudstack,maven,261fe326ffb9fbda7822c298337130995afa93b9,1,0,0,0
apache/camel-quarkus,maven,86e69dbf651c2fa153c3b4a1c810b479da55d35c,1,0,0,0
apache/avro,maven,a1fce29d9675b4dd95dfee9db32cc505d0b2227c,1,0,0,0
apache/activemq,maven,2647500b3f10e7c57aef8018788158e1b9d3b2c2,1,0,0,0
apache/activemq-artemis,maven,067247178f8838480a34d24a22bf5c7b22efaba8,1,0,0,0
apache/accumulo,maven,25013a8b4bad40e88279645c82ed9f602394a23e,1,0,0,0
antlr/antlr4,maven,e4c1a74c66bd5290364ea2b36c97cd724b247357,1,0,0,0
amzn/ion-java,maven,44aabbc8a47afe12b7f03ef5e3c91a62674ff096,1,0,0,0
alluxio/alluxio,maven,7f30116efd9f789d80902498a8b404aaa560e260,1,0,0,0
alibaba/spring-cloud-alibaba,maven,1a146c726efcc7eccce508cb7251a88bc2fe1ce4,1,0,0,0
alibaba/sentinel,maven,0a34fc4d11392f0587e7ba5bf2626f902b23c750,1,0,0,0
alibaba/nacos,maven,76aeb180d2c7586d853cafd9ced57e2aa65f9401,1,0,0,0
alibaba/easyexcel,maven,e9d73d9c5393d98a4ac8f471dde0eefbc3d05110,1,0,0,0
airlift/airlift,maven,e1e12774a64406f3a4e67ca5ceda7be41862f7d6,1,0,0,0
adorsys/keycloak-config-cli,maven,4eaa9258556f938cc9db6fe4b8c97fbece2698ca,1,0,0,0
adobe/aem-core-wcm-components,maven,08db14e7da66f2ed8f6de8226b38a7bc9af86c41,1,0,0,0
adobe-consulting-services/acs-aem-commons,maven,dcd311ec51f1d4d742e39e235eee674c9b45cc59,1,0,0,0
activiti/activiti,maven,407f917f216c03580cf99757c5eeab0d946bf5f2,1,0,0,0
actiontech/dble,maven,13b5db4897bf8b96014a8b7f231b6949c878dedc,1,0,0,0
